jcadwaladr9177,Janene,Cadwaladr,janene.cadwaladr@tin.it,BWK
bather38852,Basile,Ather,basile.ather@yahoo.com,UUN
kscirman14024,Kerk,Scirman,kerk.scirman@gmail.com,JUI
vkilsby13671,Vale,Kilsby,vale.kilsby@yahoo.com,SIM
cmarconi4585,Cammie,Marconi,cammie.marconi@orange.fr,BAM
gmclese27157,Graig,McLese,graig.mclese@comcast.net,ENE
pyokley60760,Paul,Yokley,paul.yokley@aol.com,MXW
rcullip64529,Reilly,Cullip,reilly.cullip@hotmail.com,ODO
ichaff30842,Imelda,Chaff,imelda.chaff@yahoo.com,SDD
bwollen48509,Brendis,Wollen,brendis.wollen@yahoo.com,ETH
sliven16606,Spencer,Liven,spencer.liven@comcast.net,TTS
cwelbelove36667,Candra,Welbelove,candra.welbelove@orange.fr,QUG
nandriesse31320,Neron,Andriesse,neron.andriesse@juno.com,SSQ
grubenovic14376,Granger,Rubenovic,granger.rubenovic@gmail.com,SRR
ltruelove30366,Lewiss,Truelove,lewiss.truelove@gmail.com,MUI
rhamlin24721,Roselin,Hamlin,roselin.hamlin@yahoo.com,MPP
dde wolfe24859,Douglass,De Wolfe,douglass.de wolfe@gmail.com,SKB
eshury60994,Elane,Shury,elane.shury@wanadoo.fr,JUO
awestnedge3684,Aron,Westnedge,aron.westnedge@yahoo.com,CTU
koxenden27246,Keelby,Oxenden,keelby.oxenden@hotmail.fr,ROY
dkoubek17255,Dame,Koubek,dame.koubek@earthlink.net,DHD
hgirardy64484,Henri,Girardy,henri.girardy@yahoo.co.uk,QRC
hlehmann39221,Hugues,Lehmann,hugues.lehmann@rediffmail.com,BYL
ngeorghiou56699,Nickolaus,Georghiou,nickolaus.georghiou@gmail.com,LyjAuMi
ydagg54181,Yettie,Dagg,yettie.dagg@hotmail.fr,LyjAuMi
mslemming36844,Marianne,Slemming,marianne.slemming@hotmail.co.uk,KKS
cperch52223,Cullin,Perch,cullin.perch@gmail.com,WGN
cgowar11185,Creight,Gowar,creight.gowar@yahoo.com,WGN
sbather56100,Stephannie,Bather,stephannie.bather@rambler.ru,SYI
kfilipovic55492,Kalvin,Filipovic,kalvin.filipovic@yahoo.com,MST
ltoler39543,Lindy,Toler,lindy.toler@aol.com,FLN
hcherry15243,Hartley,Cherry,hartley.cherry@libero.it,DJE
mkelwick29896,Matty,Kelwick,matty.kelwick@hotmail.fr,JGN
mrogister3240,Mariquilla,Rogister,mariquilla.rogister@yahoo.com,PMB
mmoreno12071,Marcel,Moreno,marcel.moreno@msn.com,TBE
lensor48896,Lee,Ensor,lee.ensor@gmail.com,RJA
gpodmore62450,Gregorio,Podmore,gregorio.podmore@gmail.com,DOM
ktooth21753,Kermie,Tooth,kermie.tooth@aol.com,MMO
belsmore23077,Brynn,Elsmore,brynn.elsmore@gmail.com,CAX
ecrumbleholme42179,Elizabet,Crumbleholme,elizabet.crumbleholme@yahoo.co.uk,BFJ
mmcsperron49128,Marve,McSperron,marve.mcsperron@gmail.com,TQN
lyve46300,Leonie,Yve,leonie.yve@hotmail.com,TAA
jkeel65497,Jayme,Keel,jayme.keel@yahoo.com,NUE
acanner25128,Andris,Canner,andris.canner@free.fr,POL
jelland30008,Jeth,Elland,jeth.elland@hotmail.com,JAA
akeld11826,Amii,Keld,amii.keld@gmail.com,UVE
ahayzer23024,Aldo,Hayzer,aldo.hayzer@yahoo.com,DRR
mgeyton55803,Moritz,Geyton,moritz.geyton@hotmail.com,ZFM
aberringer61240,Amerigo,Berringer,amerigo.berringer@yahoo.com,VQQ
tboumphrey33413,Terrye,Boumphrey,terrye.boumphrey@yahoo.fr,YZZ
sbiner28419,Sallie,Biner,sallie.biner@aol.com,OJC
sfoskin56522,Stearne,Foskin,stearne.foskin@aol.com,EED
cquinnelly6517,Clair,Quinnelly,clair.quinnelly@gmail.com,KTL
bwhitebrook43603,Bo,Whitebrook,bo.whitebrook@hotmail.com,PIZ
fhartopp12878,Forrest,Hartopp,forrest.hartopp@hotmail.com,FMI
rkenwyn11907,Rina,Kenwyn,rina.kenwyn@centurytel.net,CDL
mwoltman6512,Merv,Woltman,merv.woltman@gmail.com,AZA
mkenwright32446,Mort,Kenwright,mort.kenwright@gmail.com,WDG
bskase57013,Benjamen,Skase,benjamen.skase@hotmail.com,BHM
ccreedland42990,Culley,Creedland,culley.creedland@libero.it,QVR
tparramore26858,Teddie,Parramore,teddie.parramore@hotmail.com,GAH
jdrewry5647,Jobey,Drewry,jobey.drewry@yahoo.co.in,CVQ
kadamek38599,Killian,Adamek,killian.adamek@hotmail.com,GSL
ttinston12258,Tonnie,Tinston,tonnie.tinston@hotmail.com,TWB
alevesque5670,Alair,Levesque,alair.levesque@yahoo.com,HUB
trudwell40323,Thornie,Rudwell,thornie.rudwell@yahoo.com,ACA
fstourton1355,Franky,Stourton,franky.stourton@gmail.com,BOG
mansley23369,Marie-ann,Ansley,marie-ann.ansley@live.nl,TDL
aspittles55278,Alberik,Spittles,alberik.spittles@msn.com,MGN
jbauser7730,Janeta,Bauser,janeta.bauser@yahoo.com,OPF
smeigh63821,Serene,Meigh,serene.meigh@gmail.com,NKU
dslessar30456,Davie,Slessar,davie.slessar@gmail.com,KZR
lmustard48608,Libbie,Mustard,libbie.mustard@yahoo.com,WIO
hmathwen6781,Haven,Mathwen,haven.mathwen@yahoo.com,DBB
emingasson36765,Edan,Mingasson,edan.mingasson@gmail.com,KSG
tchristofle60380,Tamas,Christofle,tamas.christofle@wanadoo.fr,TNA
astrippling424,Axel,Strippling,axel.strippling@hotmail.com,WHP
scuckoo7765,Starr,Cuckoo,starr.cuckoo@tiscali.co.uk,GIZ
fbeazer26527,Findley,Beazer,findley.beazer@gmail.com,MYA
zlineen22997,Zitella,Lineen,zitella.lineen@yahoo.fr,GFA
lcristofol5661,Locke,Cristofol,locke.cristofol@yahoo.com,YHA
mfieldstone48318,Martina,Fieldstone,martina.fieldstone@hotmail.com,WEH
wansley16063,Waldon,Fieldstone,waldon.ansley@free.fr,UWA
cwiltshaw53704,Casi,Wiltshaw,casi.wiltshaw@yahoo.com,TIB
kmcinility50364,Kathye,McInility,kathye.mcinility@hotmail.com,KKQ
gredman41504,Gay,Redman,gay.redman@yahoo.com,FUK
gmiddleditch41985,Godfrey,Middleditch,godfrey.middleditch@hotmail.com,CXB
mbyars7791,Michal,Byars,michal.byars@hotmail.com,MHH
mvan der velde3910,Marita,Van der Velde,marita.van der velde@yahoo.com,TNM
bkhristoforov16821,Bat,Khristoforov,bat.khristoforov@yahoo.com,SHC
dgreveson61486,Darrick,Greveson,darrick.greveson@gmail.com,LUO
aprazor50422,Agnella,Prazor,agnella.prazor@gmail.com,LGB
cstarcks1173,Constance,Starcks,constance.starcks@web.de,GDW
npitkins13433,Nelie,Pitkins,nelie.pitkins@uol.com.br,TOS
jcardus16120,Janith,Cardus,janith.cardus@yahoo.com,ZIG
klinck19826,Kevin,Linck,kevin.linck@hotmail.com,YMD
khempshall38979,Kimball,Hempshall,kimball.hempshall@gmail.com,RNP
pashbey18383,Parry,Ashbey,parry.ashbey@yahoo.com,PBI
gleband41959,Germain,Leband,germain.leband@ymail.com,OCM
Et1181,Erwso,Mnpys,mendie.mcconnel@hotmail.com,YheDnEg
Rv1831,Gccij,Ejzdh,bndw@osmail.com,XlrCwFs
Zz9555,Dhfut,Kcllc,sfsw@vvmail.com,XasZvSl
Xm6065,Bnwvt,Izyut,fffa@jmmail.com,OzuSwGz
My9966,Iwhew,Aawls,bevo@tmmail.com,IjmTdAl
Pm2097,Wbvem,Fjvmg,easf@ximail.com,OcaFzTq
Na4862,Rvenr,Tvrjc,adkz@vdmail.com,KzaJoWe
Ab6413,Zopaa,Dqirv,qnwe@ocmail.com,RnvHcLn
Iq7402,Orzmy,Cqpvm,sctb@tamail.com,UpfEoWt
Ew3668,Hrrns,Vvpar,zjys@egmail.com,RsrEsZm
Pg7461,Zvwcq,Muxaj,xzgl@jdmail.com,SwqXuJm
Wd8269,Qcfdf,Tovke,vdbl@cimail.com,XmtViQn
Un6416,Ugpmi,Sgbjg,sody@mamail.com,SogUnUk
Ey6833,Cwfkq,Tbdkj,xygf@ismail.com,HgmZlZs
Hj5610,Ripum,Aatao,qfzf@inmail.com,BzcWbYl
Kx8865,Uamhz,Bvmpy,rkef@txmail.com,SkuWiFw
Qs9903,Xmfnc,Zvaku,aaav@frmail.com,TmvAoGw
Lz7114,Mgrlq,Mrceh,vtsy@jemail.com,LdjDoLi
Iy4328,Amvce,Xlkiq,eujs@nnmail.com,QywUtAk
Uv4771,Inceh,Vbwsq,dtho@ktmail.com,IdkDuIi
Vw2427,Nvtem,Jtwuc,ylej@qqmail.com,SylAuBn
Ny2793,Bsctu,Dqptb,bjuw@rcmail.com,YsmZqZy
Zm1866,Rzqry,Giypq,apfz@uxmail.com,DdhXgKv
Rx2389,Hkktx,Clehg,cdpu@jzmail.com,TygCaIp
Hc4320,Rutkp,Eusmo,rrpe@msmail.com,SlxGjGz
Ap5059,Cyktq,Lwxov,oqjb@exmail.com,ZmtYwVa
Me7796,Uqsmt,Pkgyl,fjge@gwmail.com,IopVaRb
Jr7546,Ryicu,Agxvv,nevu@rfmail.com,WmxCjEh
Yl3014,Cjmed,Vmkut,zwae@fhmail.com,ZfjHaYg
Oa9850,Kwwyd,Lwyzg,dgeq@ulmail.com,YjzQrUu
Sz1160,Xlsye,Owbqw,puwm@jvmail.com,YvjDdRe
Yt1723,Ypeai,Thqdm,nwdz@ehmail.com,JunUoXh
Ws9617,Igyxc,Kwbxi,azsw@htmail.com,FlrCuQt
Nk7196,Oqraj,Qdtfc,qtsi@rzmail.com,XgvPnGc
Et1913,Kbgpe,Jktua,vtdc@nsmail.com,ZeeUnAr
Bh4704,Lpcwm,Ksmfu,bsht@homail.com,WvaFaWq
Qd3231,Bnmli,Gdgzc,hcpo@gemail.com,DpvRdCs
Bj4416,Jtsou,Vgect,jmyl@ximail.com,KtcBuAm
As8915,Kfwux,Syrga,akny@zgmail.com,TzwZqNl
Mv7348,Ttxij,Sksga,aiai@ijmail.com,VkkOhUm
Ye6109,Ljswq,Oknkn,dias@ommail.com,IatSjXh
Hx4941,Krvpw,Klyik,xaod@tbmail.com,NhsOyBh
Cc1514,Gwtuc,Aiszv,lozx@wkmail.com,SqlPxGp
Ns8397,Mpasq,Pjrzf,falv@armail.com,UpsArNx
Ns6377,Ueoqg,Ivyai,fzsl@rvmail.com,NalYmOn
Sx1006,Nyopr,Voaqf,iywh@fimail.com,IjsEeQy
Oo2563,Nnavv,Mxdhh,khed@wtmail.com,WseUwZv
Io3511,Wucvw,Ritdv,sshf@opmail.com,PygQeYc
Pm6971,Zqced,Gbprj,sjuo@abmail.com,JqnPvFr
Ho5778,Mzuyv,Uzghl,cqgf@dymail.com,KjcDiCd
Ik5846,Xkntm,Hisqe,hznk@lfmail.com,DdrIjZv
Vy4550,Ezydk,Fwqyg,outo@uxmail.com,HmzUvPr
Bb3906,Rleld,Hxzkq,fqug@symail.com,EioNfNq
Lu4432,Dtxal,Jbkge,nfso@uxmail.com,OxyJbHj
Ih7232,Tmrrr,Rpvkj,tgbn@fpmail.com,HhsWfUh
Ec1843,Ishyg,Evlqi,bmcx@xbmail.com,HhxWzDf
Df7312,Pinqj,Vxhiv,vtmn@qemail.com,NkjZzNk
So1283,Cezhg,Xnovr,envz@nemail.com,CbzIbLr
Fi7168,Egyuf,Zuwpw,ltcq@rvmail.com,ZikXqJx
Hu6959,Zjere,Fsxvj,dzxe@mjmail.com,DwzKkOq
Oy6655,Ykhea,Zqnxj,lhdr@xcmail.com,UoiAsVz
Bl6823,Xkdwc,Xjidu,zkzx@slmail.com,WbaPwRt
Vl4948,Yiswg,Wkcco,fcss@bmmail.com,OggIzKf
Kw1031,Hbfgp,Qflce,dkpb@etmail.com,UarZdFr
Wh5883,Ixmcg,Ostrf,aghe@zrmail.com,KftYiBy
Sk2439,Lcddv,Bkxey,sljq@vlmail.com,UjtDiNf
Sg9739,Nlygw,Esbmw,wfcf@oumail.com,MijSePq
Ka6036,Vtlgn,Mvonp,tgpi@dpmail.com,TufIbKi
Jk5308,Zxejc,Ftuua,zlpc@vzmail.com,WkgHnBq
Yi4046,Woprl,Fnzfy,wdtk@kfmail.com,TavSwXy
Ir6727,Vupnw,Xoxaz,qsbn@uvmail.com,RgtFnQo
Dk9460,Owlml,Btufk,ueko@lwmail.com,LjwNzXi
Wa8572,Xtkza,Dntke,khwd@kymail.com,PfkKdRz
Ej7623,Xrxgc,Nuhif,wiqu@kjmail.com,UzzOxOb
Fc2061,Islit,Dtvsq,djdi@sqmail.com,YlmWxDx
Gp2667,Lrfbs,Npfjo,jbnw@tvmail.com,UxpBvRd
Gi5080,Htket,Wagmv,metx@wymail.com,YbeIkHv
Kw9635,Utxhu,Qhhxq,ecvw@ywmail.com,IpaSbAz
Uo4816,Bbhbc,Amepm,ikqe@rymail.com,NhmShCq
Wt2356,Ttdaq,Lzsmp,prye@uimail.com,VcxTfBw
Pl9975,Bupxm,Uqzvj,qycd@simail.com,TnlEtKh
Yp2648,Wdxjj,Wioij,rwie@ocmail.com,WzaJcKv
Ec5901,Uwgmf,Srbbj,lptf@cgmail.com,XciEaZt
Ya3575,Bipio,Mtnjn,fvcs@cmmail.com,ImyHrLp
Qp7800,Iaesq,Ajxuk,jncb@tamail.com,IhfQxVu
Xz9239,Lmcnx,Jzfnw,vaeh@yymail.com,LhgXgXc
Jp7455,Wbokm,Gclav,lkyp@clmail.com,DdqLjAg
Qj9100,Fiyqc,Tawtc,ukry@mpmail.com,ZalBtTz
Mu5749,Thqvp,Xlykt,nrxx@yvmail.com,GsgIrYn
Or5238,Zaibm,Mpzrd,nfwb@ximail.com,KpgDoZw
Lj2328,Mipei,Ilykw,cnfp@ucmail.com,SprZwQi
Ka1386,Caxoz,Gvmhn,otqy@ormail.com,KglLnQp
Lz3360,Yhmdn,Lacpl,joyw@bomail.com,YfpJoMk
Di4719,Yppoj,Kidxl,ysle@scmail.com,GrnJkEn
Lm7877,Gtyiq,Gdbuy,tass@bamail.com,KcaVsRo
Lq9018,Ezsjm,Jrikk,tuvi@vhmail.com,DjaXsDl
Ru5476,Jbwye,Zlxci,gzdi@oumail.com,FcnJdQp
Ow6574,Jjujs,Arxnl,nhvv@lumail.com,PvwFuWh
Ne7118,Wdyby,Dccmy,yknw@wdmail.com,ThcGaQb
Pa7443,Zlwnk,Amjpv,oxia@ucmail.com,NqqUuGz
Dc7271,Pcxuu,Yeger,gmrj@hdmail.com,FbeVpCl
El3053,Vsjuv,Nydoc,foak@mbmail.com,LxbBsDf
Oe4355,Thkwu,Msgmk,dvyx@vymail.com,VztAgQe
Al4567,Pngsv,Ebbza,hfzd@uumail.com,QuhPdZw
Tk5832,Dmogf,Lscmx,bawp@fcmail.com,NkpPxFy
Px6002,Wkmur,Kyiqz,ohzj@lqmail.com,SjyBzDu
Tq6367,Qlukp,Oejoa,gxhf@lbmail.com,GakYrFg
Et7054,Pbkxq,Dhdxo,jfje@hymail.com,PjaWjUk
Sd6251,Qjugr,Lorau,dpav@iemail.com,PolCoHj
Iz3150,Fpyag,Npxsd,yxdh@tsmail.com,KacUtQc
Kx1635,Pimhx,Sgxsa,vkwe@chmail.com,ApjIhAb
Pz9063,Hhokh,Hcuxv,wioe@temail.com,WxcMvJf
Ko5317,Nxjgj,Nlhyd,dvcj@damail.com,RiqYsBh
Ct8508,Lewey,Sdplc,xymv@jfmail.com,OkzZwVx
Gt4069,Feamx,Kbhfk,exji@ximail.com,YetVnWo
Dv9938,Tybsn,Hmyxz,wgqv@nemail.com,ZiiKgWu
Yl3509,Daxdp,Zonpm,pvvk@eimail.com,KmjDlBq
Go6740,Xavrj,Lnvzb,zjns@oamail.com,LqaWeVq
Lm3393,Uokgz,Jypyd,qhus@vhmail.com,HldQnNs
Um1711,Degrh,Ilero,wsrp@eqmail.com,PhjGaFw
Vf5365,Jnzfa,Jhdfz,lxzk@tmmail.com,AcwTaHp
Cq5468,Ajwpp,Bzaxr,ueej@wcmail.com,AvwThCn
Ph3459,Xlpih,Bvjsj,sxbs@qymail.com,VeqJiCq
Um7860,Jiumy,Yqtof,urlk@hqmail.com,HwfXfFf
Yi5062,Tllis,Tzqgj,hfpu@hjmail.com,ToqUsWg
Mf3178,Fymxu,Yofxq,ydaf@hamail.com,SoiUpSk
Cq8812,Stwzq,Qzksk,wqms@aamail.com,KtzCiQr
Xx4681,Kndaf,Vcbkp,abww@dqmail.com,DooWyAj
Fg6918,Xtcdd,Wdkhi,bdnp@sdmail.com,JkiMgAa
Pq1011,Kjldx,Qcloq,ujzv@komail.com,LohQtUe
Ye6827,Bldjq,Mkgmq,isro@wmmail.com,JpdOzSx
Zf6177,Vygoe,Yualy,kwzd@lbmail.com,YklYyKw
Uh3780,Avtvc,Ekyvv,ibxy@wkmail.com,CslRyWz
Km1552,Xjqsu,Hhwlr,uwdr@nfmail.com,JapXiQm
Wt7948,Ymrza,Ceoiq,pcef@symail.com,TkeHcMy
Rp4854,Pqxde,Hluoi,yfkq@jhmail.com,MmoTePy
Rn4001,Ahkol,Cqguy,wvxk@jxmail.com,HofOfQu
Du7801,Pfryr,Yycfe,uzdx@ldmail.com,ZygGdKe
Un2307,Qafxo,Ezvwj,ance@lbmail.com,DrcZaWb
Qe9169,Dxbrz,Naetb,mxaa@vomail.com,TrdIdQj
Oh8487,Ggjux,Uhzqu,dmxo@vrmail.com,ByyMsYl
Gp4722,Iftav,Anrqk,ehmi@ipmail.com,XxiHqZv
Dw6669,Nemko,Rxbba,tkhk@sbmail.com,MrdZhDf
Kj9556,Rrwgx,Cuzht,wsfe@fomail.com,ZsxOcGm
Io2552,Iurnj,Ocjfz,kxwn@pemail.com,HrgTgOy
Cw7449,Kfdig,Kfnru,liox@rlmail.com,NmoGdYz
Ee4062,Yigxj,Mpfyj,hnpv@ttmail.com,QtwWpEv
Ih2977,Zfxgh,Obysw,jlya@pomail.com,HneDoEb
Ot9280,Ezrkt,Iuxor,pbnw@snmail.com,QchSsEd
Xv1776,Nxdyw,Efucp,jolh@yomail.com,LyrItAj
Kt7991,Wdbld,Nwpuc,pxcg@pumail.com,MeaSkBg
Qx4542,Ackjk,Alcdb,vygn@wvmail.com,QqcImQe
Ng4651,Kebod,Hmuqh,cvzh@ifmail.com,CsnEmXd
Cg2149,Otruu,Mirps,lqbs@mxmail.com,PlsUfNj
Fn9019,Jqyuk,Dyzdp,ojjy@rcmail.com,YaeNsEt
Ad5864,Idbqy,Srwyu,pitz@famail.com,YeeLvLu
Pa8231,Nqwmx,Anxla,oihs@ptmail.com,QoqLyKy
Qq6667,Jixio,Svbku,risy@lbmail.com,SzfYfXx
Ul5627,Kival,Vuiax,dmgk@flmail.com,MkeLdCi
Mg4565,Htixp,Iucyj,tehf@flmail.com,RnvFdFb
Wy9015,Zxtfn,Mzfid,ixah@vsmail.com,VheZzEn
Wo1657,Fuzej,Uguwq,hirg@ujmail.com,TteLgRw
On1214,Oscze,Wzdoh,ttcj@lzmail.com,PomOjAf
Vh5712,Ophve,Mtdnz,jegi@flmail.com,VqjBnSq
Ya2385,Wcmav,Cvtnw,xksk@pbmail.com,DsyYrKe
Wj8183,Bgbvn,Wfkto,fnxx@gkmail.com,DrmQqOi
Nt4655,Cmrgp,Seeln,qnpx@wxmail.com,HfeSgVy
Lt7279,Ocbyp,Sklnt,ipde@htmail.com,UeaDjSx
Dk1124,Sdegw,Qpang,qmvu@uqmail.com,RqcLbXf
Mq6991,Vbunv,Ylcos,meor@iemail.com,RvjSgMe
Rz7203,Raeiy,Gtmul,opvq@yvmail.com,TnaMjYf
Ke3757,Pjqbt,Mpmkl,mhww@nfmail.com,OccAbBi
Kr1844,Puteb,Ufdtw,czqr@czmail.com,QpfZcVq
Tm1855,Aislt,Fgsbf,lcgs@xnmail.com,BtgIgWs
Br3002,Dayvo,Whfdf,icxa@zzmail.com,XuaYoOo
Sh3629,Dbtqt,Xvfhy,bxyy@ipmail.com,YccPfWa
Wa6247,Bfouo,Frorb,riyu@ummail.com,NtdPtMe
Ma7956,Mowbm,Zjynh,ltaa@vumail.com,TibIlNl
Vo4112,Lconm,Ittwn,taru@qomail.com,FbdMvBl
Ww5505,Zuilc,Boumj,lwzq@cpmail.com,KaqGvQt
Zp6816,Uxefb,Fhgqu,gvlr@bqmail.com,AwiBzWw
Gt6148,Uoulu,Polii,roga@ljmail.com,RbwIrZw
Et5265,Jsevy,Pngpj,czgk@fcmail.com,UrjDvOh
Uo4864,Hskxs,Uhxgx,ewda@xqmail.com,AmoBbMs
Ge3641,Acyty,Wlliv,htke@fcmail.com,FgbZtTu
Ts9190,Rspnd,Airih,dbwa@khmail.com,YevAoLt
Hz9203,Xrnuy,Cygss,zxxh@ikmail.com,JvzJcYn
Ui1451,Qoyxa,Vvijf,kfsj@vimail.com,UeqZiWo
Ex4330,Kahwl,Fkfwi,fcnw@xnmail.com,YpuHnKg
Yc3186,Tpbja,Cmbnd,gcjx@gpmail.com,BrnYuRp
Fb1576,Lbxwf,Fsbgf,haao@shmail.com,FtlOfRn
Hl2052,Snyfu,Gwsoi,oeoq@lymail.com,PyzWuCw
Rm3753,Lkrid,Mpkot,zbeh@opmail.com,LtcCoXu
Yx2821,Pmbii,Rkcnu,atkh@eimail.com,UdjOdOo
Il7699,Kzbzo,Jgeuk,wboy@jmmail.com,MwzJpUh
Gd2801,Qalzr,Snute,jlvp@nxmail.com,BelUvPb
Vm2095,Rtajm,Gpdfd,rina@grmail.com,EzdHmGl
Jl4777,Ohrxg,Gpugl,aegi@psmail.com,TonNpSw
Bk5610,Igtva,Endwe,rkvh@dsmail.com,UdbOmCk
Ue3354,Jprqn,Uyiow,ooru@qxmail.com,ObsGfUu
Ys4949,Amedn,Cmbvr,gpqn@zvmail.com,PkhSgVh
Wc8845,Qiyqx,Hefkk,sgii@irmail.com,HsqDeJz
Ol3219,Ciwqb,Povie,uvyq@yrmail.com,XefTdTb
An8405,Locvk,Wncpg,pkjk@znmail.com,ImxLoQq
Xa5053,Putdv,Fksfn,orbb@fdmail.com,OeuAiRf
Yb6607,Ldili,Tqfny,xbad@xqmail.com,KlaZeTi
Kq8575,Bdusf,Pkewo,gyka@nxmail.com,NzzCsPc
Ih9286,Tijcn,Toaxx,bcwu@pkmail.com,YudDoJn
Un9677,Bnoam,Stuhj,acho@bnmail.com,XliQiFz
Bv5579,Qgtio,Nbdzo,gxdo@jcmail.com,RavWyQq
Mu2404,Qkqya,Kgvdt,blqy@akmail.com,HpzHwCh
Rq2114,Mpnfj,Utkaq,clwt@jsmail.com,HokBwBb
Xo7824,Zvwnq,Jhnaa,aboc@brmail.com,VfnUzJd
Gr1977,Ltnyw,Teoss,zhmy@otmail.com,AwrJyMr
Dw8785,Bqagm,Pimnb,jkit@zimail.com,CzzJdFv
Qa8637,Dmzha,Mndsj,thff@wlmail.com,QduKhCq
Bx1719,Ywsnu,Lvlds,qpbb@aimail.com,OnnUdOp
Rt9771,Yeups,Vsfuk,dkqw@ddmail.com,RmuKwBv
Bz5244,Utnmv,Eplwj,ljav@ezmail.com,QxuUqTq
Iv6717,Rmpan,Fejjg,lhsd@kymail.com,DrfUoEv
Sg8325,Zfrzw,Cdlxs,rujl@mvmail.com,CbkYwWe
Dh4622,Mtlyp,Vyzux,cbgf@damail.com,YmgYnHs
Ob9152,Zotdx,Lnvnx,qjso@ngmail.com,AehDbXl
Wg3037,Mnzoq,Gnmkh,iavn@qamail.com,ZnqYsGu
Ng7846,Sqhdo,Jmtmk,qkqk@femail.com,BmxMhGa
Jb1062,Etqmp,Nhskp,xxxx@elmail.com,CwmDtIw
Ot4209,Csnea,Btmvh,ddgg@pcmail.com,PtsYwYo
Oq5586,Kdpgo,Uaalg,gwos@dsmail.com,PhkOvPx
Sx1475,Goqlh,Pumge,qumj@xomail.com,MdwOiNi
Ry9724,Kdeyi,Azeyg,eabr@wmmail.com,IfgKuOe
Pw7540,Goodf,Goapd,qgwn@pmmail.com,KvrVxBr
Lf2514,Qezos,Ctaiz,sett@blmail.com,CcuAoGb
Fp7131,Wdist,Zpavv,pxze@cwmail.com,CtzPtPo
Pb2172,Vzgqe,Sglga,jnxt@flmail.com,EyiIkJv
Ia7987,Stevs,Epoyr,fgmu@xamail.com,LyfDeGj
Gn5622,Wgoeg,Awucs,jmen@ebmail.com,HfiVcWz
Vs9264,Eqdqn,Fzvup,oxhf@immail.com,MxkAdVt
Oa7087,Amgjm,Byefh,ihxs@rrmail.com,TacXqDt
Nf5901,Tglav,Eqjlt,nvqu@mvmail.com,JqjHnSx
Px8114,Bzcin,Mdxku,jbjd@rmmail.com,LuqEeQd
Wc6472,Nbuxp,Jcqqi,pkfm@xdmail.com,XxyMuNe
Su9161,Sgvrr,Ktcvn,qhqq@szmail.com,QbcUyRg
Ds9038,Ltbwv,Yuquu,knwf@chmail.com,MrdZqYj
Qa3009,Fragl,Iowrz,nnaa@igmail.com,QnbMlHz
Rr5893,Rhwqn,Ofcvh,icoe@gpmail.com,NzeZnJf
Kl2498,Rvudb,Xtjex,spsn@qimail.com,FhzNqBo
Om5001,Ptolr,Bbpbw,mglp@nvmail.com,OqpInBd
Gq1583,Rqllr,Ginwt,pxvo@gcmail.com,JkqXaAw
Uo4697,Rreks,Xoqbb,ekoy@cymail.com,XcfVzBn
Gc8371,Wqbfb,Fjqef,fnft@gpmail.com,NsuZyYq
Lc6683,Ckxwy,Traqf,bejf@qfmail.com,UfpTeRs
Qy1461,Mygso,Ipslz,dtfq@vjmail.com,OmwPbBa
Ig9735,Hgpok,Ydgld,jglv@iymail.com,BpkTfDd
Lk4425,Sudzy,Nzvyn,fifd@womail.com,JicWbAk
Nv3140,Owgks,Aacoe,xqfs@vrmail.com,BcoHgMm
Pz8708,Pmfxp,Wpiik,fqjq@ucmail.com,WfsSjWh
Se1071,Njjom,Illmu,wokt@mumail.com,DtfHtIw
Cu1043,Mhqte,Ebrlf,bgll@xymail.com,MfeKvOr
Iy3021,Yappv,Sqvpz,zsbm@comail.com,YmtAuNe
Of3339,Oktfl,Uvikr,rmnx@kdmail.com,OpoGpRl
Kl4404,Xqiro,Iqooj,kpso@mgmail.com,CnxBfDx
Tm1167,Mzgfv,Acecl,ozjt@lsmail.com,CwnOsAm
Vp5975,Fsyua,Yyjqz,ewxu@irmail.com,BaiUnFb
Qt5158,Kbsuy,Sqfks,drxf@pjmail.com,NoyZyWg
Sh4425,Cyboc,Lnrcu,ffeh@vnmail.com,KepVhTe
Lk3014,Kslqq,Btqdg,tfyx@lxmail.com,FdwZlCi
Fv3865,Lnlnp,Bfrqu,ajqc@cemail.com,SwqNmSp
Al2545,Zptos,Gvkjs,ezxt@ucmail.com,XjcHhMs
Rn2720,Vlodq,Ggrmv,eqdq@btmail.com,JwwLnCe
Uv9634,Zqrmt,Mpthv,hxxf@qjmail.com,DbmSfWh
Ol5654,Oillv,Ggrwj,bvqi@ojmail.com,LloCvQs
Fj3506,Taqua,Kicah,phca@rzmail.com,XujDoTo
Wz3156,Qvigg,Tfsmj,nkik@vkmail.com,QsfCjUf
Ba1210,Ffdjz,Qpitz,quxa@dnmail.com,GzxXcYg
Ap1430,Oofra,Lpxuc,ksnt@zjmail.com,EtqBpUj
Gv2827,Jwjsj,Shwxj,owmf@yemail.com,BknAdHg
Zi7705,Djafl,Kzdil,hzpk@xnmail.com,LffHjDy
Li5929,Xfgbm,Jqjbj,xbwm@qwmail.com,LoaFdDo
Ao2893,Kcgfm,Audys,xajs@fzmail.com,TqvUxLi
Fa1705,Cxbyo,Womxf,npxe@wrmail.com,XwlFdPi
Et4258,Ipfdo,Riikp,iinp@hbmail.com,NsbDsMs
Vz7059,Vpcrx,Htmcz,dbht@gzmail.com,BopQiLz
Tk3171,Bddxr,Vdozm,rjww@jkmail.com,YkmMnUs
Yv7644,Jybdy,Valgv,djoy@yvmail.com,McpZmUc
Xf1767,Bjnyc,Qtkig,pwhb@evmail.com,TzgBbHk
Zm5128,Twwax,Qrbbb,gaok@fmmail.com,TuiAgYw
Wp4147,Kaxgd,Xccgu,ibrg@lrmail.com,RtlKoDz
Pn4586,Yiwew,Ffmeu,wwml@xsmail.com,ZoxAoBi
Ap5861,Wrhvu,Zqbsu,sotx@usmail.com,GmaCaAk
Py7633,Giuyd,Oosuy,odkv@bsmail.com,YmgFxYc
Jp8640,Dbzhx,Facre,tgjn@himail.com,GllOfQe
Gq2253,Nlwya,Iramc,spne@gwmail.com,NfcQrOv
Ac3176,Xpefz,Czewo,bpqv@yhmail.com,ClbSsQz
Zz5754,Bjgin,Lxwqf,twkh@iamail.com,JxkNgYq
La1020,Xdxgy,Szsqm,ntdt@wpmail.com,UvfTuZs
Mg5517,Kmrep,Ohhit,volk@hrmail.com,YszPlEi
Yx6925,Alzqw,Twgvv,tihj@fpmail.com,HxsEgEt
Bv4765,Ekkom,Ofssu,eqrx@hwmail.com,NxaRxLt
Hw5006,Bhdhh,Vgwur,exwq@zimail.com,TapFrNw
Rv4455,Hwhtw,Erdcz,gwoh@rzmail.com,SgtUqIt
Dw4839,Fbaod,Rexqk,kqsn@mpmail.com,ZrkYbKd
Eh6750,Ahtbo,Qelou,tjmr@romail.com,FfyKnHk
Mj3894,Cnwmb,Jqygz,wzma@zjmail.com,UdsWsGv
Eq6922,Vccie,Tvawg,enlt@qhmail.com,VcbGuIn
Ju1863,Ollur,Jbmam,jcyc@limail.com,JmjMkBq
Vy4789,Mxcwm,Sxnmb,nocw@vtmail.com,EjtOiJz
Kz7348,Smunv,Fafhr,yijk@drmail.com,UzmKtSs
Tj8723,Xyhwo,Japkf,vryn@bhmail.com,CyeFgLq
Dm6570,Tvxlj,Kzrmc,daoc@vvmail.com,BkeQkBn
Bj5867,Nibuz,Fjqfr,twlj@pwmail.com,GelRcFw
Ar8965,Pbkln,Pdzyo,ojsr@yqmail.com,OqwXkEb
Tp7275,Okgds,Eqlhm,kdwa@ebmail.com,OjkDeEm
Ln1640,Xifpf,Oghic,wyeh@hjmail.com,CntZrJr
Dz1168,Wwsoq,Iaufl,ptcj@zvmail.com,CjiXsNl
Fu4722,Xvnsm,Njcnp,oaar@dtmail.com,NvwGbJu
Ng2615,Ffdbl,Zwkzn,qkkt@cemail.com,NynMeEy
Ki7666,Prlmr,Ypumf,ozdd@krmail.com,EurDfPc
Xp9565,Koqeu,Rgfor,jeyw@ummail.com,KbmPmZd
Ks1652,Pfldw,Ttgod,rlwf@ddmail.com,QnoJfYt
Kx4319,Auefr,Lhdic,eteo@ismail.com,TarFfAf
Zm7111,Bjtef,Ncgav,cehb@onmail.com,ShtCdQs
Ym1130,Ispeg,Jmahl,lnmn@simail.com,LsqDmKz
Sx7322,Elowv,Qisre,yhiy@szmail.com,VjlEeAe
Vm7053,Pehjj,Ngksw,plup@tbmail.com,NciPjBw
Mi6941,Cptsk,Tvuwz,oihv@vvmail.com,LfyVeOv
Gy2934,Jyrzm,Ygkiw,djhf@jsmail.com,XtkTtBb
Bl3016,Rinuq,Kzdzu,ndva@xkmail.com,PzsCpZr
Bo3512,Mvjdo,Occge,tuxh@tpmail.com,JqkIbDx
Fi6481,Njzkq,Auchm,pexp@agmail.com,PwmPpSf
Pp6048,Khtku,Bqyem,bmfn@slmail.com,WbrRpNs
Am1038,Lohxz,Modlv,kbdo@fhmail.com,AawEpYu
Yq4732,Lwwrn,Dumsy,kxkh@cxmail.com,AhvDxMg
Fg8857,Yvrmp,Uivnb,jfmn@gfmail.com,VwgEaTi
Fd4676,Eygns,Trnrx,hhhj@iemail.com,KzgXxEq
Jb9195,Uzphe,Sdjsp,uizi@remail.com,RrpXbRp
Bl7233,Lwmom,Frhyz,lksx@mnmail.com,DjfWtYl
Wp9639,Imdlb,Ejoam,udii@jamail.com,SmwKrZx
Uv8340,Mgwxb,Ibevq,cnfk@aimail.com,MubVhMm
Kz7353,Xgbbl,Cwazx,bykb@plmail.com,DogLbWq
Qx3911,Cgkoi,Giyfe,eivk@xomail.com,CfwEbCd
Nv8299,Wrjpv,Uvidr,obcl@yrmail.com,CygMsQm
Sd2104,Illwx,Sylgv,qzae@numail.com,VkvNwQa
Bz7158,Xxjyt,Gjdpo,ylsy@uxmail.com,CxyCfCh
Zq8199,Euvwu,Fryug,maxm@tfmail.com,ZbyEwMw
Os5873,Wfeac,Qwbrg,ylhw@xvmail.com,WcySaPv
Dv5703,Qcijx,Wbxvx,uusb@edmail.com,CodTnNo
Yr4294,Mjifi,Phdug,zafl@eqmail.com,LjnKmDa
Jo6944,Trikb,Zurdx,dckj@lbmail.com,MzkQiQe
Pq8348,Ufuwu,Guujb,iclh@gimail.com,KslRdDn
Bu5221,Tmaef,Upklz,xojl@oxmail.com,VoxSkIm
Rg2961,Mlfmq,Kwaco,fvvl@gwmail.com,MqbOxHm
Dm3594,Zotyo,Kijcq,pkjp@ixmail.com,ZjsRyBe
Pd5092,Nujin,Azynr,qbfk@qjmail.com,YupZzIk
Sv5159,Jhboa,Ckiwk,mrjq@cemail.com,CozSrDw
Kf9418,Kliyf,Uqzui,rpqy@nlmail.com,WlcRsJa
Zt4477,Fwdwn,Frgnj,ohvz@bcmail.com,PgqQjHs
Ql5762,Bxych,Sripp,uiik@bdmail.com,DjdApJd
Du3466,Iooom,Ntyeb,eyir@jrmail.com,AveHxDw
On8931,Ceakx,Ckfyn,vxzt@ttmail.com,LaaEqQs
De6008,Elmtp,Kzruy,gqpu@zbmail.com,RnwGeLo
Ri7004,Qgjou,Kixwl,kidq@mnmail.com,KggYiLt
Fc6872,Xgmme,Oxfgc,zgtw@yxmail.com,KiaLoAv
Ac1508,Reorq,Neavc,evbz@jmmail.com,DrdPiIe
Ck1838,Sofdr,Ardmf,yqgr@qdmail.com,UvzFsTj
Uc5642,Oimre,Pglww,cfsu@qhmail.com,LvtGbIx
Tw9685,Inxta,Xfuck,syvb@qrmail.com,TtqYkKc
Yz8864,Garyi,Ivcmo,sszo@rmmail.com,AvjVnSk
Mw7303,Smabl,Lbdjx,abnz@dbmail.com,QhlBqUz
Uw7503,Wcvvc,Enbik,kcex@wjmail.com,HctOwUq
Zk8713,Wvtrs,Aoabu,hnjm@rjmail.com,HqbHoZl
Zz7758,Rbuvq,Nuzvg,cixk@chmail.com,YfoVdXz
Tv5175,Mzxax,Ayrha,thil@wnmail.com,PohNuFx
Wj4692,Agesd,Gathy,nkdq@afmail.com,YhhXxFi
Ls5595,Koeuh,Mwktt,vbtn@tumail.com,OwrPvVt
Xv4349,Ijdkn,Isaru,xiuc@ivmail.com,SklByXi
Yn6867,Vznlu,Eigty,xene@kdmail.com,HysUkBy
Gc3568,Lvjzv,Bdlqd,acgj@mmmail.com,ElnTpJj
Eb7908,Ntchy,Jyusw,xmve@upmail.com,OrpMiXq
Vp7398,Ypydl,Zpphq,itew@domail.com,BqkUpEa
Ju1161,Hajlz,Fxxkd,ugnp@mfmail.com,FmiKnRb
Iw5489,Tvhig,Kupxs,exgj@qymail.com,JymSrXu
Vy2476,Tqtrj,Wrvez,zxev@cimail.com,SzpUbDt
Dm9172,Mkqzd,Rhsbi,fbsg@zzmail.com,HacQaSr
Kb1897,Kubkx,Rensn,clgg@olmail.com,DoiUhRw
Fz4018,Ljetu,Zmhra,deaa@cgmail.com,AyqFmFi
Pt6991,Pmpze,Czqmy,suzn@tqmail.com,GknYcRt
Wx2351,Awfmf,Fmcld,omgb@nmmail.com,SrhTbSb
Mz4260,Dpgqe,Cjxgm,zhxi@kmmail.com,XpiMlDg
Uq7949,Wgktl,Pdmof,qvet@hhmail.com,LreYoVh
Sg9242,Gawhq,Mwavt,aypx@ylmail.com,AovQxTy
Me2084,Nomma,Vmoey,hbbz@vgmail.com,QhdZuLp
Ol9625,Evgao,Zzixx,loci@pdmail.com,EwzEeTc
Il6441,Deyxm,Fopsz,bpja@kymail.com,KikDyUy
Yo1143,Dluaw,Dzklg,vuxm@zkmail.com,JxfJsVx
Ak8810,Wmmpn,Vrqms,kqst@nimail.com,XzcOfEn
Cd6440,Qrwpl,Amrks,dasw@jmmail.com,HwoSzNk
El4767,Doilv,Npcwm,zlvm@rmmail.com,VguTlHi
Kf2250,Xdcth,Ggory,lqgb@zbmail.com,KaxGxMm
Nf1120,Qyctr,Scqhf,kmhw@nxmail.com,UioNbLf
Dt8549,Ytber,Nrvka,fiuo@vemail.com,LwtPlUl
Vv7445,Nsvdx,Dqnao,dcov@qqmail.com,VfsAgPm
Uv9745,Fsaby,Ksxbb,xrxn@vzmail.com,PnuUmMw
Ws4740,Pmitc,Mjelr,lynl@sxmail.com,FaaHhKk
Sq4355,Pvatf,Vmsai,iitv@mrmail.com,EzeGuDc
Ko4063,Kiecy,Xaavv,bqrs@bemail.com,RlkIgCz
Wa6553,Hnfwr,Olcyh,xbdq@qamail.com,LfaVxKu
Jn9671,Vkxrs,Wgoeb,wlph@vpmail.com,QhmYvCp
Md1858,Axwjr,Earbi,uthf@gmmail.com,EgyDgWr
Zo2325,Cyhxp,Rfxvf,khkl@hkmail.com,UhlHpDl
Gk7665,Vgbbf,Eznbq,janw@osmail.com,VphQkQn
Fk2074,Hfdlv,Yoghf,eidj@nomail.com,RmiSlDt
Ff3437,Fxaku,Lzonk,hage@lkmail.com,CpqUcJp
Oh9313,Wpika,Wclbl,aded@ytmail.com,CmkCaNv
Xh1638,Wdmxs,Abulc,paum@memail.com,EigUvCv
Gp6345,Puhom,Vifxe,hzmk@udmail.com,EywLvKc
Al7093,Fecnr,Aazyz,bgpi@oxmail.com,WwaTfOe
Yu8421,Awind,Zespd,opns@zqmail.com,HwhXfOw
No8153,Tsmqs,Ztlsg,qtum@eqmail.com,VxgIoVx
De6799,Qzwbl,Aiede,nsao@pcmail.com,NwrPxUv
Vz4202,Gqyho,Bcfhl,kmvi@rkmail.com,EwbFoTh
Hj9554,Edjcf,Cyeey,kyav@zamail.com,AvnEzBd
Fv1761,Oyzly,Grgrt,aazj@nxmail.com,JiuKsQf
Mu8642,Wjbps,Zbcuz,krer@mfmail.com,HzmEdLh
Ev8795,Kkkvq,Ndvms,pzfn@btmail.com,DghWeJn
Hy4740,Jbzgt,Eudgi,rlfr@kqmail.com,VwtMoPu
Rp7327,Lyvxn,Zzila,rprp@dnmail.com,LsfPdHn
Pa2503,Bmweo,Pomet,odwd@mhmail.com,QuqUiDg
Cm3746,Ikigr,Fwcdl,ypft@axmail.com,RjpVqKm
Xr6781,Vucsr,Mlvot,bkyq@ezmail.com,PxlVzTb
Lh1102,Cvzky,Askrq,cfkf@mkmail.com,DboSsCl
Wz7141,Croqd,Iptwb,skkk@ihmail.com,DknEhNy
Az9957,Irbnx,Ojmdg,qbaq@femail.com,IjkQqUg
He9208,Hpdzh,Cjwko,rsgv@mnmail.com,ZwrQlQg
Bc1308,Lscau,Hjlds,mctk@mmmail.com,IjeKeGo
Mz2561,Vqgxh,Kidxl,pulp@xymail.com,GmmJrJy
Jr7759,Cgfpi,Qwjoa,tqmr@dumail.com,AcgJiCc
Ic4374,Qnekg,Xzixb,drnx@xemail.com,YovZlXi
Kh1068,Orufo,Rmjqa,fjlw@pwmail.com,FvtHyGx
Kq1720,Itroz,Ivhok,jmer@numail.com,ByiXmKv
Rr8073,Pbtbv,Qpnde,bpur@xomail.com,LgyTbNq
Kl6457,Lofnu,Kjoul,ungw@kimail.com,CeiCoVb
Nw2969,Myufg,Fhhzr,hmox@tpmail.com,RjmGqKv
Ez1557,Khfbk,Vllqs,uzkm@famail.com,AuvBmAt
Xx2163,Oecvl,Hqbwq,olac@mpmail.com,LydEaIh
Up3401,Jpgjc,Qgffv,ijhe@qvmail.com,KozQcVx
Hd8476,Vuupv,Uxhfq,ysfm@hdmail.com,RojOaMx
Sd5384,Glafx,Jizsb,hnnr@lpmail.com,TsaXvTm
Cu6902,Qpqsy,Pokwi,osmg@lbmail.com,MteDbMd
Ct2960,Lvdrr,Tgxpy,haut@ygmail.com,CyaEaEk
Hv8366,Dhceo,Echii,lbwt@tqmail.com,LpvBmBu
Em6779,Effya,Yeeap,yguq@ajmail.com,XviYpAx
Pa5224,Dykfg,Dfvjr,huwm@ejmail.com,DpyKmIt
Qb9252,Wjqqf,Cfytr,ejmo@hbmail.com,QoqTeKe
Ps7090,Yqnso,Gtbyp,ejcw@hwmail.com,OhsNfKf
My7052,Iewsk,Hsyfo,gohk@xsmail.com,FrvMqUp
Qi5936,Bvvzy,Nbgov,obfv@wamail.com,XprDjJh
Ke9033,Bltcu,Njeiz,bfln@yqmail.com,LitBzQi
Mh4023,Kqhsj,Lbqvy,mqgn@zkmail.com,ZjqXpBj
Ta8675,Qgzwv,Nvdqv,ahbo@aemail.com,BhwYkMv
On9489,Pjpso,Wbohs,iarl@kkmail.com,XkbDoNw
Le3307,Cfqrt,Ttmop,bwwq@dsmail.com,OvrSkWg
Nk9471,Jpfcd,Wtzia,bslr@nfmail.com,DjbZhEn
Np6827,Aglcq,Hufls,grfu@bpmail.com,VufYjSe
Kf7420,Cbpoh,Noxva,ajjy@jemail.com,UxxPxMo
Lq2106,Eqevz,Rzzxw,itfe@lnmail.com,HviLwBf
Rc9608,Kffro,Aeqsu,orft@wfmail.com,WtkCaYb
Uc6344,Weosh,Fvuyn,gwtl@zlmail.com,MjtTyHc
Ep7333,Mydzq,Gwkan,rdap@immail.com,FyvDaGs
Nj7989,Uophc,Adcvo,wmwv@yhmail.com,EcqGrXo
Bn6867,Zjjuu,Asink,nsrb@clmail.com,JqxNsEf
Xm2082,Gqgha,Tbodp,enpp@nzmail.com,RcrClOr
Ho9094,Zzdip,Bucrb,zuai@ohmail.com,KpsKlRo
Ka9995,Mmfvk,Pdzdt,utwi@pqmail.com,HauAxBz
Wi9820,Nrniu,Zahje,rcux@wamail.com,NriAyTt
Nc6838,Ngoky,Yfuyd,ertv@zcmail.com,YyiCtJk
Ws5859,Ykzpt,Hcdba,iryh@cmmail.com,EwdCpCi
Hu9685,Ujykf,Mturx,uhxk@iwmail.com,BqkUaUo
Pa3090,Gsgyx,Asohh,pipm@lgmail.com,RlrLwSw
Lb5354,Rzold,Jgnwe,odry@tmmail.com,FmzNrFo
Bb2703,Ifttt,Ggenj,qapt@edmail.com,XjaYhLx
Nf1798,Jzzit,Kkxos,jplk@kumail.com,HixLcOx
Je2963,Tusho,Ubbsm,zcss@dvmail.com,WnhQrFn
Rs7528,Gowdx,Etmap,zfcz@vamail.com,NdwApUm
Ke6231,Pppzv,Jince,xyfr@qgmail.com,GpiUcBy
Zd9109,Kziku,Vhvsj,sjii@ksmail.com,XhxAgVs
Tk8643,Iufxg,Sopsh,vjty@kumail.com,XoyVxGo
Wu8341,Njquc,Coxlt,vysd@btmail.com,PfpLbUy
Re6978,Gnwgb,Nrhdf,zkpl@eemail.com,VoiVcCd
Ii7006,Udvhx,Ipizn,cwpm@slmail.com,HkeQqEo
Fa3389,Rqkyx,Ephih,ukic@hxmail.com,AeiNeTw
Dx4245,Rpmpt,Tbram,trbi@remail.com,DelDmYl
Ya3720,Uqkyz,Wvhaj,kbke@ecmail.com,QtvAkVb
Tw1098,Jjwmp,Pnvij,oegb@fqmail.com,XxsLqWh
Pp6987,Qklll,Jvbof,ndnd@ylmail.com,DvaBxOd
Rf5567,Hvwxz,Yosih,udbz@domail.com,CueRgHl
Lr2840,Cjxnn,Siyst,akgp@nvmail.com,XueIaSv
De8745,Trmir,Wbkcl,yudq@tjmail.com,GmnIzLs
Ar9800,Nfstf,Wclnb,efyc@fxmail.com,RpdQlHa
Te6765,Iusdx,Gsabj,hwxv@vwmail.com,QybFcHs
Es5896,Gjmwd,Xhstw,eqcd@zamail.com,VgxPbDw
Ms9425,Rbbad,Lxeap,nebw@yfmail.com,IiuRmZz
Jb6550,Bzygj,Lveux,pgex@nwmail.com,KtmImGa
Tj3785,Rkfwe,Itsbh,cycl@rqmail.com,YpgYeXu
Zj6575,Fpzus,Vtrdc,uhnc@rqmail.com,AfqMiVa
Eo5322,Xpcvu,Bvhqh,uhlq@zkmail.com,LxdFnAk
Au5754,Qrylu,Wetpe,hmzc@kbmail.com,ZhvFwPe
Ym9244,Riapl,Dghaw,ngud@evmail.com,GxgFqJv
Rr1955,Fufss,Beltk,yhzl@sdmail.com,KxlRyBu
Ky3792,Jvtsc,Mnzmw,zfnm@hhmail.com,QinJfGd
Ao2584,Sfpoz,Uoysl,pmui@yjmail.com,GblWpUi
Ev2312,Iwaed,Pdjqi,bjzs@hemail.com,FyfDuMn
On2296,Brguy,Uqere,lumr@vymail.com,HyqJtEv
Mi8903,Vqvtz,Diwjf,rbyr@wymail.com,SfaPwPi
Iw6760,Zuioq,Zrxit,qcmn@tgmail.com,SboCsAa
Vv4275,Jhibh,Xjesv,fakv@jkmail.com,KzdSgYd
Ov8529,Dbeiz,Llbil,lari@vemail.com,AaoHjEw
Id2581,Zcrjr,Jbiyx,trlz@gdmail.com,BwiHvHl
Ar8315,Eqgwj,Lpocc,ntot@ymmail.com,KksFtWd
Hl3992,Qetqp,Gclvi,ollb@emmail.com,MegZtFa
Ql8841,Lpzzj,Etgfx,phpi@ummail.com,OidKsAk
Fb1615,Nbgbz,Httgm,fwes@qdmail.com,RxsCqTh
Nd8524,Trdsv,Frltj,qmio@vkmail.com,BynYeNd
Vz8820,Tqihv,Pkdvg,thtg@ipmail.com,SimUbKe
Fm7293,Gnajp,Lxhmb,fgjb@kxmail.com,LrpUpDg
Tf8922,Zdmbh,Ywmsj,rezz@rimail.com,FklKkCk
Ir4024,Ejtfs,Qhhgf,bywu@trmail.com,QjuMsRs
Ae7198,Nafbk,Mqmxj,bfit@mkmail.com,NmuUsBh
Xl8196,Uualy,Pqlhp,cpwv@wzmail.com,JliWjWc
Er3232,Txiuq,Hyxvd,vvze@pbmail.com,GymMrXx
Yf1959,Glerx,Ycarn,fkta@xsmail.com,VugTbNo
Um9523,Iszzj,Gujov,gzgq@eumail.com,RlrXeDo
Cv3715,Lpnbo,Hmdup,uokr@eamail.com,PveDgDe
Do7933,Jfwls,Gkefd,fbuz@rymail.com,AetOuFr
Mj8644,Fwzjc,Qjyml,eyak@womail.com,XxeHbIr
Jm7505,Etibg,Bukcq,nttd@abmail.com,XnyTdPx
Rt7869,Pghoj,Pmutq,eqfr@wcmail.com,BpbYjYx
Wr4967,Cicle,Tojoo,wafu@mtmail.com,CepGiLm
Ze6385,Lraxq,Oyjyb,vppc@xamail.com,DxaNqNb
Xn7853,Pdofh,Ybdpg,vskb@tqmail.com,VvrDaSf
Uk4688,Utqok,Jbakx,gykm@ifmail.com,VuiClNo
Vu5199,Prphu,Amthj,ohcz@gumail.com,XubJuJq
Yf1562,Yqkup,Ihtsw,kbth@zsmail.com,RsmJsRa
Cu8430,Suzgr,Yssjs,icol@nkmail.com,FedJaDz
Vl7175,Cecob,Wlcwz,iutf@zxmail.com,CdrHeFa
An8745,Izzbv,Mcghk,ooqz@hwmail.com,CfdVhDd
Za2588,Qmdkl,Wrcux,whxr@xmmail.com,JrcLsDa
Bk6339,Lprzn,Rzwgu,dbgr@bcmail.com,SsuMmWu
Rt1507,Znizd,Lccdm,rfjd@fxmail.com,MqmPfNq
Jg8473,Kubbt,Kfsch,zmdq@ipmail.com,ZzmKwSa
Pl3978,Xwyww,Qafsx,cvun@thmail.com,IfkAaDd
Uk2664,Teayd,Xpktn,ards@fbmail.com,YmuZdMq
Ir5328,Xsmvg,Snqvw,mawk@ocmail.com,DfaCzEk
Fz4434,Mvfrs,Rfqnb,dhfh@eqmail.com,QtbMlFx
Hg9825,Tsdmt,Rubfo,vzxy@bemail.com,DbvBiNu
Li9720,Ockxm,Drjws,tlyn@drmail.com,HqyGgDa
Ik4232,Qnnfq,Thfkc,buny@oxmail.com,CagAjCf
Lu6044,Xzrie,Abrtw,xthn@ssmail.com,CdeJoKd
Cc8956,Ijnpp,Extjd,veiw@xxmail.com,XktYhEr
Om6634,Vktti,Epjww,dgjx@nmmail.com,AviNdOh
Pd4593,Sebzr,Ziiwd,olns@kkmail.com,DxlXeUf
Kj9558,Sqktp,Zuevw,cxpk@nimail.com,FjvSwEj
Jn1514,Sbksp,Ekvca,sttk@bxmail.com,IowKzAu
My3792,Iajog,Nrqmq,vurr@vbmail.com,HbaBfXr
Qq8234,Bzeph,Fomdq,dtmd@qfmail.com,QqdEbKc
Hg8319,Wkptj,Ftior,gvly@anmail.com,JlsGzOt
Ir2702,Zcapi,Vaooc,zqcf@fomail.com,EtgDuAh
Ud8342,Fjyfy,Zkvve,ykbw@obmail.com,NuyElDz
Lh6787,Nlbwg,Sniyf,vuuq@jwmail.com,GzxHoJj
Xm4242,Evoig,Ahjwk,xhgh@dqmail.com,ClyCrGg
Zi1764,Bpfge,Nwezf,sdvl@edmail.com,PnfWhKu
An3199,Lxqrd,Lhvaj,riim@xomail.com,XgnYqGs
Af3464,Gxkwa,Yghhf,wmyi@xrmail.com,EewBnTv
Lf2262,Iktvs,Rhjfq,eoqb@abmail.com,UkfLnTd
Mz5904,Purhx,Zufzt,yvlz@lhmail.com,FdbBpBn
Gt9940,Uaeni,Sckhe,oeql@ixmail.com,IbtOvRe
Fo3941,Grhyb,Mkedk,hkbt@hnmail.com,ChmLqUe
De7186,Paijx,Hxdiv,ndhz@onmail.com,OujUvQb
An6765,Duwmb,Vpqfz,atyt@mqmail.com,DhyApTf
Pb4255,Keuzz,Rvjwe,ttod@qxmail.com,YpsGvOr
Lb8069,Fwfxc,Kpfrh,dipt@mfmail.com,WtnVgQb
Zi5649,Ekmab,Hwxwj,nexi@fmmail.com,RerEnQz
Cv4905,Vynni,Llanq,zvyg@icmail.com,HriQdDr
Yj2192,Gnpte,Lzkhe,synr@ncmail.com,DuhMlNb
Iv6484,Lgwzj,Casou,vxov@vdmail.com,AzjHyBc
Pp3548,Lkosx,Rhvwl,hxyk@eymail.com,TxqHbHo
Bq7219,Oxpji,Ifymu,lxdc@gxmail.com,LeaAwKd
Pc1545,Noipi,Mxsak,fpsh@hxmail.com,RkpMjIu
Xp8998,Ixegr,Wutbp,ynha@zlmail.com,EetOzAl
Be2932,Tykxd,Doysr,pyob@qlmail.com,NqoBqZv
Hf3520,Wvefm,Eiksc,bdrg@fsmail.com,LurFeGm
Vn8580,Ijnbn,Naazn,llym@rqmail.com,MsyExWp
Zm7289,Pempt,Kyxhy,rztz@vrmail.com,JftHiZm
Ty6405,Gcfsn,Qoege,snfs@fwmail.com,HecLgCt
Tz3069,Aazor,Nefln,coxr@ltmail.com,BwbWmBn
Ht2618,Kquoy,Maggi,lyqs@glmail.com,WdeZgJl
Pu3906,Lnmdb,Ysrpx,mdzd@kamail.com,SvaRlLa
Sz9282,Zxrol,Rtyta,ejhl@jtmail.com,DyiIsGm
Li4797,Doxmy,Nacvm,iybt@dgmail.com,CugFwLa
Ti8604,Ljzhp,Ncaga,bzpi@uimail.com,HgjKwHc
Lf6989,Urjdc,Hsvqg,fwwd@epmail.com,LklYvJd
Qa7036,Nkuyx,Adclu,htrb@uimail.com,NhxHsCt
So4854,Qomad,Nivwg,wpnz@ptmail.com,VkrGgKl
Fb6574,Ltfbt,Rwuwa,qfdw@bgmail.com,HbsHvVz
Cz6919,Kdhdw,Jgnix,zeqr@gnmail.com,PgbTeTx
Lw9132,Uwjqf,Ianoa,gtlt@cwmail.com,OegGiBw
Ds1702,Ocnlf,Ajtyt,jasw@nvmail.com,DrmDeIk
Zu4842,Avjqn,Dbjbg,opuc@vamail.com,MdaNqJe
Ue3790,Ityxa,Slewo,ypwy@nzmail.com,RjdHpPs
Vc3832,Jkfgo,Uelkk,ksaa@ghmail.com,JrsGhGw
Ts8760,Yvrta,Sogos,bben@vsmail.com,RnfJqSj
Rn1536,Eojot,Czdqo,oviy@pdmail.com,MhoEuWs
Ma1605,Pqawk,Ohzsr,hora@ilmail.com,LwcMcSe
If2037,Fhtqd,Modcg,hpnz@bvmail.com,ItmTlIf
Sg2788,Igwma,Zzcvu,kkwh@vqmail.com,RpvPdBu
Py4119,Buxyv,Irbmi,flfj@dfmail.com,SyfGhJt
Lt9765,Noxmf,Mvplo,yjqx@vjmail.com,RchBhWd
Un6387,Usauc,Ryndb,khdg@cdmail.com,ScgQaGa
Vk2899,Xgrzh,Xzhrz,cjoq@agmail.com,LynLiLs
Hs8948,Tvzbp,Yggbm,ngyx@plmail.com,CphWmXa
Wh5703,Nuoam,Moons,daha@jtmail.com,LyzZoMk
Ws6106,Pvxzm,Ejqch,qias@onmail.com,LzgRxJb
Ea1008,Epgot,Dcqig,riqw@egmail.com,UdsGtWy
Xl4700,Wyakj,Jkdsd,quin@smmail.com,JqaMdUr
Hn4116,Zyzle,Hvnxf,gqsx@oemail.com,CmaEeTh
Cp1326,Xbaua,Ldphs,lfqg@simail.com,UsqPkJk
Mc7965,Tkwyu,Yppvc,tpkv@qlmail.com,HceEtYn
Gg6335,Pushk,Ytoiu,ekoc@udmail.com,NfjJgCv
Uk3207,Eriov,Ytmgl,crot@gxmail.com,IowFkBu
Wv9332,Dxkvu,Tsosb,dzyi@tmmail.com,XolZrRt
Bs1503,Lnypp,Ojvra,eqja@vbmail.com,RxwFcWq
Gm1911,Myzng,Urttx,ennp@dcmail.com,OzfIaOp
Fj9807,Eaidm,Okkfu,elvb@xhmail.com,MxbGpBe
Hr4122,Zfubd,Hqbde,rohh@xgmail.com,PglKtXf
Uo3551,Nkvlm,Katfy,cnft@wqmail.com,PgoPhUh
Iu1876,Lbnab,Jnqfm,mkij@pfmail.com,CgyBaSu
Ur7476,Fsrdr,Uripg,bmbr@uamail.com,VilZiAb
Di8985,Zxmey,Zfzjo,qiaj@trmail.com,JvnAvXg
Pw2139,Nreno,Rfmfq,vrcw@ohmail.com,DkdEpXn
Me3216,Bidza,Tmzlh,rngf@txmail.com,BaxVpZt
Ma1571,Fihvy,Algqo,rwhy@fbmail.com,GqvFhCh
Bq1687,Moxdf,Gtjub,pfvf@ofmail.com,FipRhDr
Ax3028,Xcqsn,Maqus,dekr@msmail.com,IlzWcGj
Pl3440,Bwubv,Yzcgm,ceee@pdmail.com,GzcSmYc
Xi9512,Srnhh,Wdmkq,ckxh@shmail.com,FytZuMs
Aj2703,Geyzp,Utelg,wsni@zbmail.com,TdnPsAx
Fl6411,Rjfbh,Nyjvy,nexw@qgmail.com,AraNlTn
Uw5008,Cvhma,Xkgpr,eoce@pfmail.com,NiyWlCg
Fl3007,Cnqhk,Ongtb,cebn@lqmail.com,DcjAlAr
Nh4897,Sxhrq,Anyra,fghy@zpmail.com,ArqHwPp
Oa4721,Kayyw,Qnbzt,gqtu@rqmail.com,AqrIwHg
Us6501,Icpvn,Cozqn,tpjy@jqmail.com,VexGgJh
Hr6016,Tcxwm,Luzmy,cdbw@shmail.com,QgsIiYt
Bt7118,Zukdm,Gyexc,cwso@wpmail.com,FwhHqYe
Az1353,Tgukb,Jwarz,mryh@wbmail.com,JsaJzOj
Lr3118,Fxcpz,Zuuyx,qrqs@zkmail.com,HuvXgCc
Yv5318,Kfpft,Gkkhr,fyio@yumail.com,EfyKdVm
Qp2402,Nxtbh,Pssob,uvnm@djmail.com,YuyPrWq
Kp9550,Vbter,Lwyvr,pfoo@kwmail.com,YrhAnRi
Ks5723,Tfivm,Eywfx,hbwg@npmail.com,FxmUxAi
Hc4410,Xsmua,Vznys,qahr@clmail.com,BecOpRc
Sw7836,Knmae,Vjdhm,wkkd@fkmail.com,SxbFuCf
Yk6070,Lywmj,Rmomq,hvch@idmail.com,RhyCgKe
Ze7858,Hgijs,Jiwyv,lfxd@xmmail.com,AbuWiKm
Am3236,Citft,Udlli,uhwt@lxmail.com,HptWxQv
Ky3716,Ziluc,Vblbw,qzfq@kkmail.com,RedHaTk
Lc3036,Zyphq,Ayhow,fjkd@xzmail.com,FivTdZy
Qt5716,Blqyz,Vfwcw,vnfe@mhmail.com,YpwMwWq
Hp5379,Uetln,Zymdv,eiyt@igmail.com,XyzFhFd
Yz9263,Evpfh,Kuzdm,cvtw@wxmail.com,VjcAqJp
Cj1296,Maumm,Zgnio,dwgp@upmail.com,IazWbCc
Zm2026,Ffmng,Uzuro,lrwh@remail.com,OjhJzTu
Ri7760,Swznj,Ufrej,nlpg@gcmail.com,GyaXcMe
Nc3363,Dqqrc,Hglsx,xxhs@xsmail.com,GqeXwBe
Yh9180,Omzum,Sqziu,moji@limail.com,WhkCdRm
Wy7699,Qgxxy,Zhlll,egmm@rmmail.com,EyfTfOr
Ox7504,Liitv,Mwdiz,oawp@kxmail.com,MwtXfZy
Mo9878,Rrsfs,Vmbdl,rcok@lfmail.com,GrbFkMo
Vv1932,Becqr,Luzqc,vetq@gumail.com,TftDzOz
Ft8708,Lduhc,Hikwa,rkld@tamail.com,FgiRmJk
Yo8462,Eszrl,Ckvdo,ilwv@psmail.com,PotNjVb
Bn6818,Zuahh,Nuoiu,xbzf@nkmail.com,OcoCzZi
Hn6327,Xiuut,Wwzlf,kfjl@gumail.com,KnkXkKm
Xn2358,Ypqpb,Wbdih,yifv@homail.com,ZzuCrSb
Nc9283,Ujixg,Mrquv,okik@gmmail.com,YacFsHv
Bl4933,Odywv,Fvdtc,ydna@txmail.com,OsjUtQs
Wa5811,Jgyfy,Pjpcu,bbwz@svmail.com,CneUvJn
Nn9824,Grzyb,Swpuy,uocn@ikmail.com,LqtTnSi
Vv7490,Wynux,Mnajo,aoki@xomail.com,AetAwHw
Rj9356,Yjsla,Usggv,gioa@efmail.com,IygAvRv
Ai9511,Ebjwn,Sknea,zyub@lrmail.com,GukOeYd
Wz2011,Nebro,Kjhkb,uiki@lxmail.com,FclTpQq
Tl3506,Wendj,Lxnwb,cqwb@nomail.com,IgxEzFi
Hz7816,Gansp,Rwoym,ogyt@lymail.com,ZnoOoFd
Pt1142,Qpchw,Uuvln,jhpt@memail.com,TqqSxFo
Hn4854,Ijdcl,Kidbj,chmv@xpmail.com,SfbZpLr
Xb7938,Eicxc,Uuafs,reot@wimail.com,WckMgUy
Za7510,Tjvhs,Jbqhu,vtbr@comail.com,AbvNwIp
Xx2294,Wjvbk,Rlwwu,ajgd@dcmail.com,QsvWuKw
Gc6297,Leavf,Bpjxo,aidn@dhmail.com,UwdBwDl
Sz7940,Iydwj,Fvfiu,lggj@pmmail.com,UgzKgBa
Ul7732,Sjpvf,Bhhhz,sypa@mvmail.com,MspKnGu
Wh8192,Ygrsq,Hklng,fspt@ihmail.com,JczYyQb
Ad9808,Zwupq,Mrgps,juth@lzmail.com,QnwGhSh
St1206,Qjhdm,Pilyh,ybfx@ebmail.com,WwtYaRt
Ho8094,Ygodr,Njmoq,qhrg@nsmail.com,DsdMlAg
Gc3950,Zdspl,Mdehz,qvkc@elmail.com,MzgYvPk
Fa6607,Mnxcx,Fzteq,bmmo@semail.com,VpuOsZy
Mm9371,Uhshg,Pyksj,rmdh@gsmail.com,QrkFdKx
Sz4681,Qkqnb,Cekwm,dbsu@aamail.com,IslWeMa
Wm8378,Ywxvm,Bmjkt,swrc@akmail.com,CjnLeIe
Iu7660,Cmxmm,Bzhns,slct@xdmail.com,FpkWyPg
Wp6206,Bsprw,Xfcbe,dheq@zhmail.com,WpxHuZm
Xa4249,Plwrf,Ckuyc,almg@xrmail.com,CrvIpKs
Fv3634,Kfwah,Pprvg,hunq@tomail.com,OboJiUj
Lb9192,Vmimy,Kkjnj,injp@tkmail.com,RokNgXu
Ty7959,Ytppo,Fpjfp,adzo@pcmail.com,AjqKtCa
Ks4299,Ykisn,Dizeu,ltlq@vimail.com,OuyElSk
Xq4637,Dybus,Mawpc,lryb@jemail.com,UivCeJv
Iq4216,Snvkf,Ivpkf,hrgw@eimail.com,VsiBsQe
Rl2427,Hquzj,Pnnxj,dzbt@iwmail.com,KbbImYu
By3971,Ticqj,Gddji,lsrb@spmail.com,XsjKpUe
Vq8821,Cbfki,Hoywy,wthl@zdmail.com,AklKtDe
Np3262,Ecjuh,Rkibw,arly@comail.com,LuvOfNa
Ff2128,Lfpau,Hgvin,tpfp@itmail.com,QtwNxLr
Gk3200,Iyfwe,Xipkk,kduh@ocmail.com,TzaZpNe
Yy8156,Trvwf,Fhcqp,wrzm@aemail.com,DdpOlVq
Nm6619,Ubjlt,Ohgbo,oyke@gkmail.com,DwwRpHl
Zv7477,Lxvvi,Kuzcr,rwra@gsmail.com,HtoTqBn
Cy5793,Htgfn,Kubvu,kdrz@tsmail.com,UtdJuQz
Yk2615,Urqwj,Xiehx,kege@ucmail.com,PabGjMd
Mn9623,Qbdsg,Zfoqx,oapp@ofmail.com,GvoVgGx
Bi1982,Rtmmc,Hjrms,zxym@lqmail.com,TpjBvQx
Yf1345,Kqoxs,Kaaaz,rgbu@romail.com,AruIyEy
Wq4039,Nzvgf,Hapof,kcxc@eamail.com,OabDcKy
Gj2016,Gxccb,Nqoup,rpws@rqmail.com,WkbEpLi
Hp8628,Mfdzr,Npwsb,fahi@dmmail.com,LdtSzSp
Dw6821,Dcntr,Woanq,fdvz@sgmail.com,DwfJnLo
Wj9072,Hxpzw,Xtack,jekj@vpmail.com,YitApUh
Cn7238,Mfwig,Ovruh,xrff@wemail.com,BfuObWu
Zm8082,Mtavg,Kagmu,gboc@fimail.com,TlwXtDm
Ut8125,Rsfsi,Xkbgm,mquy@aomail.com,KybXbSu
Wr9262,Xqkat,Xaqnr,jyio@btmail.com,AgtRrYf
Eh2157,Tqllb,Aplwh,ehxe@zxmail.com,GgxDySa
Ig2224,Ymtwj,Yvyfi,upwm@oymail.com,LbyJaAm
Jh1507,Eocet,Msffg,yyjd@ecmail.com,ElmAfTk
Ue2231,Tblzg,Rojxa,lyzi@ksmail.com,MloDnCy
Vb9662,Aaesb,Knlyi,jatk@bvmail.com,HswEiYl
Zz9615,Vlrfi,Fpaks,xfwy@nzmail.com,ThcFdGi
Vd3518,Lobbx,Vytnm,udsj@wxmail.com,LwjAsCc
Fu1563,Ohgcd,Ybmbj,kljf@cimail.com,GkoNlMl
Vw8707,Jlbzi,Keflv,xuoy@jomail.com,YvtJhWi
Fi1272,Tasrs,Jadmr,eneb@ilmail.com,TouBuFs
Kv4737,Xbveh,Vgebn,yvug@mhmail.com,NllXcRl
Wg8271,Vcgmc,Hztwl,nqdn@fsmail.com,StuCcAi
Ul4844,Agjdc,Pikuh,cwno@zcmail.com,YivJrKc
Hr1271,Apzsm,Xbafq,exbk@tnmail.com,BufDhHc
Ok7659,Fltdt,Qojhi,iyyq@rpmail.com,McnQwWc
Pm3876,Pgdpy,Yaoce,bnxp@bamail.com,IbkEbLn
Bz8806,Wwrad,Iwidp,xque@utmail.com,DfzNePk
Ds3861,Jftry,Wwlub,ymlz@vvmail.com,LbrKcUz
Jl7121,Rgwnm,Yitse,zbyj@igmail.com,UybMvKu
Jk4951,Ehdeo,Bmejn,fvhw@wnmail.com,DvcQyGb
Lu4584,Hawqm,Bluok,zxxy@gpmail.com,LylKmSq
Tr2320,Avirz,Peliw,ohrr@tzmail.com,MdnXqPy
Lr3613,Plzwy,Lsdtu,inio@pomail.com,KxiJoTl
Xf5259,Ttofk,Bkgvy,teul@xrmail.com,OpqDsZf
Cy3250,Qmses,Segdk,eeus@skmail.com,KpuWtCj
Bf3581,Xpayk,Lyxuh,hqry@hwmail.com,ItxBnKg
Fw4095,Nmsnf,Xreec,dapv@camail.com,VkxPrZm
Ww1887,Ufnxh,Kjoml,skxa@kimail.com,GpqKzYb
Th9414,Qwngw,Mamdg,flmm@esmail.com,DppUnZh
Il4900,Tjdrd,Onudp,hkwc@vpmail.com,BghUeGo
Rm3295,Csjpb,Saumd,gngh@fgmail.com,MdyWmJs
Kk4996,Ufsdg,Nbxbt,klnh@jumail.com,RmpKdNx
Fr8758,Groks,Nthvr,bcrw@mlmail.com,JfeLyWb
Ll4097,Utnqk,Thufw,ygip@rxmail.com,HzyOwAu
Zf8207,Aigiw,Cbbqd,uplk@zqmail.com,AyuWoLq
Ly3405,Fxisz,Porlv,bajf@hdmail.com,YiyNuZk
Wf4278,Jpspg,Pswez,pvdw@lmmail.com,TfdAxEv
Rj7344,Enaiw,Ycxip,xfhs@okmail.com,JmnTkVg
Nw1613,Dahal,Trdeo,tfdk@dimail.com,FjuQdFx
Yi6591,Gnqco,Mobwd,prbg@icmail.com,QpmGuWj
Qg7119,Orfac,Qcglz,quov@tlmail.com,VvaDeEj
Ge3419,Jferl,Bjwej,gfto@dvmail.com,EuzNcPl
Io8038,Mxslp,Usvak,jdga@rymail.com,FioGkJu
Vz7702,Urdcb,Pwyeb,uvkn@bomail.com,YrmIvZm
Mj1220,Nbdxu,Auomb,fjzm@csmail.com,EqmAtHh
Qp4013,Igzgt,Yizxe,yrux@tgmail.com,AckLmDi
Aa6548,Pogrp,Nfumx,wwtg@pvmail.com,NrcHoMn
Mt7720,Ndiat,Vnasb,rvqa@zamail.com,DidLqHj
Zg9708,Nrjqz,Twmbs,cezj@jdmail.com,WweScQh
Vv7539,Kqwch,Sxqdd,jfoq@vrmail.com,PqdZeMk
Hv7331,Klksb,Qtscm,chnl@odmail.com,MsvEvAf
Rn2712,Bzqca,Arkzh,zqmb@uzmail.com,SxiYtCj
Fm7285,Xmnbi,Lccxk,jvbr@hqmail.com,VewUbZj
Yw9544,Fvvpy,Jaedi,ktiy@nbmail.com,WjyOtYs
Tw4969,Ggqpb,Fhalx,dpph@kpmail.com,KlyBoVl
Eq1085,Mgzcf,Tkclm,xklu@jpmail.com,BwsGbUy
Vd9422,Cxifm,Snxvc,nhrb@pnmail.com,XsmOsAz
Xu7968,Bmljz,Kvhfw,ttlc@pkmail.com,AwbMgXh
Yq6290,Tvitx,Uppor,jtln@rhmail.com,DgcCxPe
Mk8359,Petbd,Tkyid,goez@bmmail.com,DoxCqZx
Ka7707,Agmgf,Mmszy,qdyb@bjmail.com,QtpIrPc
Pc5667,Cxzkg,Zusrd,tkqh@npmail.com,OveIgNv
Vp2528,Tqopk,Nkcgw,netg@ucmail.com,TvwOsOu
Fu6684,Tywid,Gwohm,hgpt@ajmail.com,DksElYe
Et2288,Ppjox,Tsrwy,icib@ucmail.com,QlwSaEt
Mn4220,Mqpva,Vmcda,kifm@qmmail.com,UrlRqMn
Mg8513,Uymmz,Zilmj,xddy@uvmail.com,ToxIlGl
Dw1219,Ilbhl,Dfpvg,ghnr@vymail.com,UowVwDf
Pc8559,Hpebm,Bqxzh,yutj@aimail.com,QqdRyNt
Hm8579,Rnxvp,Vswhn,aypz@timail.com,XycTwMq
Qp3607,Eyixi,Nhytj,ukwv@fumail.com,HncAyTc
Gr4226,Tvoqh,Vtasc,hnda@mzmail.com,VtkJvCw
Vu3796,Yetgd,Wgxpp,izje@sjmail.com,IuzEcNt
Me7918,Ioozi,Xjfgj,yskn@utmail.com,BewXyZf
Kj6419,Wmosf,Vjwsb,mlio@flmail.com,UgwYkAa
Eb2682,Okcdo,Wgwue,utuk@wnmail.com,CipQlUw
Qv4533,Zhvws,Qjonf,mpru@czmail.com,IleYaEp
Ya8970,Vymdi,Hmrtc,yiuz@msmail.com,GxpOnLt
Gg8251,Ofxko,Tnfto,viah@kumail.com,AseGgBj
Me6305,Lysho,Abujd,gscn@sbmail.com,JggEgRy
Ze3320,Ofjri,Dfibu,tnho@fxmail.com,XeoUdTx
Tu8066,Pbpsm,Vamru,pvve@aymail.com,DujAhNv
Zf3865,Ottve,Jqshi,teee@vzmail.com,WohEwGk
Ye6655,Qzhrf,Pnems,mtea@akmail.com,RfnAsVn
Kr1909,Rbuse,Apsge,rmqq@prmail.com,RpbVjFs
Hy1021,Wmlft,Nacgx,qlif@okmail.com,RzlNrNh
Eo1560,Wnkoi,Mzdxg,kagw@bvmail.com,ZpdCaMm
Ey1595,Rmqdm,Gldku,dgjv@sgmail.com,EohFdAr
Im1574,Seivs,Yvaxi,lugi@ugmail.com,NmhGjQl
Ln1917,Loetu,Sjexy,xhxi@nvmail.com,GjeZrOf
Vc9125,Oejek,Oiccd,jsea@tomail.com,UhnZpDq
Td4258,Mdqlu,Kcwdr,bvpr@nbmail.com,VxdJuUb
Np1452,Ugchb,Vbzyd,iqts@iwmail.com,DddPbTv
Bx4913,Vhmxe,Qoezq,afsj@gcmail.com,QixQqOs
Ru7771,Czqqq,Spkcw,xvjb@xwmail.com,ZauNeYv
Pa6857,Dzupn,Zdvmj,trel@rpmail.com,GbhXwMf
Gx4076,Xqran,Txeop,rzle@pvmail.com,PzmIyJl
Hn6930,Umytv,Lqalv,rjye@tamail.com,QudIoFa
Yh9499,Ncjhl,Gitzt,rdiy@hxmail.com,SyqHkUz
Xf9108,Dkqfs,Spfye,luyx@immail.com,KajGhXp
Sh7050,Rlnmu,Hqvyj,csry@bsmail.com,WtzQlSh
Xm8116,Ntfxf,Bvcaf,fsqx@bbmail.com,PvfLnRr
Pp9235,Iayzj,Ugtha,aweo@ghmail.com,UljCxMs
Fp4276,Vltxr,Lrnzq,vmgk@rdmail.com,LsoQbAs
Me5516,Skusz,Swlcb,qaat@hbmail.com,UigQvLi
Of2396,Aimvk,Hcnbi,cbtz@smmail.com,RqjEsJz
Pn5569,Sfmsd,Woazl,tujd@tgmail.com,DteVlIl
Lx7832,Mspwa,Hbmur,lmad@camail.com,GenWyMj
Tj2709,Gorqa,Amjau,adoy@jxmail.com,PgqMiEw
Cw5814,Ibpnc,Zsdyw,egyc@jwmail.com,RwaWdGv
Zi1492,Mynsh,Dlrci,bsgh@wimail.com,UigXzGj
Uo5076,Ftjco,Eemxd,kryh@wdmail.com,RfqSeZb
Yy8472,Gcsfr,Uacac,syca@rhmail.com,ZcwReZl
Dc8582,Frbvp,Szjai,eukb@otmail.com,YgeCfKy
Mo1411,Xshmv,Qicdr,xprq@xhmail.com,MrhTjCk
Ki8040,Sljvq,Xfjyf,dxpq@eemail.com,VzfFjOx
Dw9514,Nvxul,Eroye,xlew@sxmail.com,MvsGuBm
Gl5533,Edkro,Dfgxf,yhbe@dlmail.com,BedBdBt
Pa8216,Vejgw,Lhpet,ezcj@qxmail.com,EagMgUe
Du6380,Afdor,Teyim,wumd@fvmail.com,JzyDmEj
Hx9334,Sftcq,Ypvtl,ijvv@kgmail.com,HyhKhXb
Wu9893,Mhnak,Vpkoi,rqaf@okmail.com,CleLgTe
Jv2031,Whccx,Tolxw,akyh@bqmail.com,QshJoGr
Aj4165,Olfdv,Pvekg,bkbj@aumail.com,MafOeSx
Mt7585,Tkmat,Bqjnz,bxuh@wfmail.com,QyfLqFd
Ja8437,Lfeyi,Crugc,nwir@ttmail.com,HdyUsJs
Ri5796,Hxdtb,Nqido,hfks@eimail.com,LsxKyKp
On7053,Lbdjq,Neexs,gder@swmail.com,FomHuHn
Hn1607,Pmfpl,Vmbsp,sckc@pimail.com,PdrIeZs
Ew1577,Gfngc,Jnfox,cpte@ntmail.com,HjxToIf
Ny5774,Sqyob,Wxuoi,vhol@nfmail.com,FuaZsBv
Jq6201,Nzxzb,Vddxg,xned@cimail.com,MqnAdTu
Au6024,Gmlqe,Hzrmm,ddus@fwmail.com,PbiMoDw
Jb6254,Ppiiz,Fubwf,dorx@uimail.com,XqcVcFk
Tk8153,Ptuaj,Tqjfy,hjzu@fxmail.com,VypWzIl
Ef3612,Bpova,Xqzoc,pbvr@fnmail.com,BhpUiBh
Jc2379,Vxokr,Tyehb,efln@gvmail.com,JsuPsKj
Yu6213,Zzswa,Ibscn,bxql@mxmail.com,IydEzFc
Vh7457,Teqil,Gymcp,togm@hsmail.com,BfzYeOp
Fp4143,Cmftv,Uvcgw,xorb@dzmail.com,TtaKeRf
Fm5711,Egbye,Sknxy,xanx@ltmail.com,FszHzGs
Sk9674,Zrrcq,Boplf,hxeh@sdmail.com,OwvPhIz
Dr2808,Xavtc,Uphwp,faar@pbmail.com,DtlXzFv
Nr6731,Fhwhl,Pevwq,btnh@ksmail.com,SjsQqKg
Go9025,Dtmqp,Atzfi,saqt@yzmail.com,MdnAyBm
Jv9642,Eyazo,Oovvy,qymb@nfmail.com,RqoWhLm
Zr4849,Cgzzu,Byvgs,etxh@bnmail.com,MlqXtAb
Pg9395,Onhuz,Jvfbk,kimq@ozmail.com,VhnWdSp
Nn1727,Gzgwe,Zeebr,lceb@jnmail.com,GlsIfHk
Nq2949,Lewul,Uakdw,gtqb@jzmail.com,RzwGqOn
Sa9380,Rwfjy,Ojkmc,auhe@aamail.com,AewQgIa
Wb6923,Bpypl,Cafga,yesy@bmmail.com,FswMgWw
Tt1585,Qutam,Lyasj,irms@lqmail.com,JjuIiBp
Qv2001,Ndkwd,Gvtbs,dezx@bumail.com,XlfHxXn
Jc9464,Eptpz,Mmsqz,vqlj@jsmail.com,YffAyFf
Ss2821,Hbeay,Uakaf,auep@bwmail.com,QhkVdBp
Rc5898,Ggbmr,Eizol,aphz@ejmail.com,UdqGfRt
Rb2816,Mangt,Yclka,zvze@ldmail.com,WgsTqVo
Qv6468,Vcomf,Rxprq,cugp@gcmail.com,SckJhQh
Cm2373,Emfzu,Mkths,zcfv@wwmail.com,LcmAeHi
Hk5923,Vsawi,Gxdmh,azex@rgmail.com,QnlNaIn
Ii6507,Avobw,Fejlz,nmwj@xkmail.com,QamElBb
Ui1017,Smvqt,Aoavw,xret@gjmail.com,AvtTuRv
Kl9162,Yjgyp,Vigdv,dcqp@oymail.com,KsxQpKa
Yj2912,Zjyak,Fjsju,uqrc@lgmail.com,UnnDkLz
Ru4568,Apbdi,Iyaor,rbdg@upmail.com,OrzEvJm
Xf4685,Hanmu,Fpuyo,tnwu@rtmail.com,NhmZeHo
Yo5785,Haalp,Smqae,rqjp@bgmail.com,MppFcUw
Lg9056,Mbpug,Doidj,ynjj@fqmail.com,JlySqNp
Bp4445,Lkwtb,Hgszo,jfsb@sfmail.com,JkvMgBi
Lb5902,Hnqrp,Dftyx,fsin@ylmail.com,JnjRpVx
Gk1363,Vtlji,Jhvdc,waek@dhmail.com,LdnGyJf
Re2069,Ljwtr,Szbsn,foml@blmail.com,ZmzKfWu
Ov3116,Gsxsi,Tbycb,bbga@qumail.com,PzqZtCm
Xo5934,Jmbmf,Myxej,mtux@ogmail.com,XypAiSs
Rj5072,Gaeso,Ibpeb,gvrz@qimail.com,SkwMiWj
Sx6161,Rtrwb,Irelg,wcri@kpmail.com,YxiWfSe
Sa8625,Phcmo,Axgdl,cjoj@rkmail.com,VohFdVt
Nq8681,Hzrcn,Hbxvy,xnot@hmmail.com,QvxOfDs
Vl7922,Atcjb,Ewsow,tkpr@wimail.com,JzxAvEx
Gb6741,Eqaju,Hdeuk,dmqe@upmail.com,EmeGzOx
Cq3338,Pwdmw,Rfecq,gjbg@tjmail.com,FrxLjHf
Cy3593,Zjgpv,Fnjlx,ywar@ojmail.com,GsdXdKt
Iq2300,Vpecq,Jipvp,ixpe@srmail.com,TeeAoSh
Nj4758,Iuocm,Srahi,kroh@mjmail.com,WzbBeDs
Yq7362,Gtnlv,Hnigf,cdbi@bymail.com,LypCtQz
Vc7135,Piixz,Hrrje,ykgh@irmail.com,GgaQtAl
Gb7704,Uvgyb,Xwbyr,urgu@eumail.com,ZujBqEz
Yl5221,Zlxsy,Ydmmm,nupb@pdmail.com,WqgDwOn
Ls1501,Qsznn,Phgcj,iuua@xsmail.com,XinGmDx
Xy3194,Fahtp,Zptrd,jmax@nimail.com,AmpTjHi
Qs9481,Wxxnf,Ayaqa,mgpw@jgmail.com,KebJwIy
Su2153,Fslgr,Uglfu,bchu@lqmail.com,NbhDkSh
Cz7654,Bzopg,Xtsbu,vhna@epmail.com,AauYcZb
Sy8795,Klppf,Jdrkm,xtfo@pmmail.com,NpoVlOx
Yt3771,Hxtih,Tetgt,zkgw@fymail.com,ZivWbCp
Ri4007,Rhlbs,Ojpla,iqmm@jlmail.com,PfwIuCc
Zi9831,Wsrwx,Gtduz,kxdn@gtmail.com,TseObIq
Ep1785,Ssghf,Ghdgg,vtog@exmail.com,NbvJvEe
Lc6193,Snasz,Vjlww,dbbw@flmail.com,AybMpZj
Us3179,Yzulb,Cmmmm,yvai@xamail.com,VddPbSt
Jt4080,Qbhfp,Ldcxf,rrwm@bqmail.com,NghTbVl
Kv1489,Otjyx,Oeqge,ijbv@bdmail.com,PqpMqRw
Cf9185,Yhyxy,Soqpn,wzga@wxmail.com,UuyXyUo
Ys7354,Fgihh,Silnj,dqpg@rsmail.com,BcrYgMt
Ay6369,Dglej,Oshsf,hzwk@bxmail.com,WzbTpQy
Ei5447,Aivjd,Vaiwe,qpop@jumail.com,TnnSvIn
Qi5254,Lcses,Cvpkq,wgqs@txmail.com,DogXzSr
Jl5634,Ezwlx,Abxsm,ypnl@vumail.com,HzxGqNm
Xt6060,Xempj,Gmqpr,wjwm@tcmail.com,TwpLnQh
Qf6287,Djavi,Ftksk,ykjs@almail.com,WwnBkXt
Ow2467,Gcogt,Nitdl,lyph@gzmail.com,LzxYcLj
Oz8264,Nqfyo,Cutru,nlet@vymail.com,RgjIqVb
Uk4726,Vpitp,Swadq,wqkj@zumail.com,VxcFaSb
Or9423,Arzeq,Banzb,imjg@qtmail.com,TjnZrFo
Ah4352,Dgwuu,Lfgid,vhzf@zbmail.com,OvwOeLt
Yk3568,Khshf,Ylkbm,umte@qnmail.com,AacAaDn
Er7175,Txqaz,Lvenj,yvmf@hjmail.com,UeuMuQc
So2264,Xiiqf,Zaqql,syvm@rxmail.com,KrnEvDp
Bh1941,Zigzr,Afiww,bajn@iamail.com,CcvUiOl
Ww9019,Lugkz,Ojckc,whil@ulmail.com,NzdToDm
Sx7043,Crsgx,Ymgsq,ixgt@uvmail.com,KriDrLa
Em9517,Uscdc,Ctktg,xdmo@rnmail.com,UnuRyWi
Hv1417,Xyyjo,Bpune,utax@pnmail.com,RxsXcOa
Yn2870,Syfyr,Ckukz,taln@ysmail.com,GnvVnIr
Cy7794,Pihtl,Ushcu,xzbi@pymail.com,ZvvHtUd
Ve7753,Vporu,Cookz,vgdu@jumail.com,VtoQsVk
By4929,Gdmbc,Gnazt,rzit@izmail.com,YmeLpAt
Da5963,Wjssm,Hmsck,yoxm@ebmail.com,YkeBwCo
Lk6215,Mwvpj,Bxthg,yzrb@hfmail.com,KuwUgFs
Wm8713,Trjba,Xsfea,tzzy@ypmail.com,XzcDkCy
Mx6707,Nrldr,Zjanq,ronx@hemail.com,AmlXrZc
Wi1187,Tsrcx,Svcmz,daid@kmmail.com,XwbVvSr
Pv8640,Zrruj,Qcxky,gudq@lgmail.com,GwoLaBx
Qy1884,Nhgxb,Tvgnh,cfis@jwmail.com,KbxZqPq
Ez1402,Bfixj,Icrzz,zozw@qdmail.com,CrlNcMt
Tp7070,Npltx,Zfzjh,gqgp@bymail.com,WxnIfXh
Mo8770,Oyzgd,Ybohn,mucb@nwmail.com,YhoFsYd
Fy2884,Vsqrf,Zuuwe,qnfg@jjmail.com,QtnYlQu
Nm2805,Ndbwq,Gxitp,cxcg@ylmail.com,MxfHeRs
Cr9444,Cvkbh,Asxhk,elcp@xfmail.com,HzpJrJo
Cr8458,Oagdu,Sspyf,nggs@mrmail.com,SvoRxSu
Dt9779,Woene,Hfybe,fbqh@xlmail.com,FgbZnEw
Ke5120,Umegt,Tfkkd,tyjr@tumail.com,IqrXlJz
Fu1137,Lgxyr,Yyzlh,spzc@vzmail.com,WqwEaUh
Ml8716,Vkgzt,Ubzba,ogib@momail.com,HapQxLb
Dw5266,Kffyx,Ipphq,ldhl@lzmail.com,DhwRgKn
Bt3929,Wxnye,Awnfi,fbsa@cgmail.com,DdgKdVl
Gl7346,Sakxa,Lbtds,lyae@bjmail.com,HxiOuJe
Fr2984,Blgoh,Dvsnj,llty@axmail.com,JeiSnTw
Vg2178,Hiegu,Webej,lecy@oamail.com,AaeHqQx
Et7457,Avicp,Vglgc,bqag@mbmail.com,YoeQfSo
Dn2372,Cmzjn,Yeuev,petn@mdmail.com,SgqUyIk
Uv1006,Qjbuj,Fbxue,jjit@qlmail.com,PinZaIp
Ws7523,Elxzx,Pfsuw,mgnc@qnmail.com,XniJoKd
Bw5558,Cyvzh,Ydyiz,wptb@upmail.com,IcnDhJy
Hw9389,Svtjf,Bddok,tnxz@ebmail.com,PjqGcTp
Qp3270,Wvulf,Slvcx,aqvv@dimail.com,JwwYjYp
Mk4545,Qhcpd,Hungf,nqkr@fxmail.com,FdfSdZx
Fn4614,Xjljo,Klgzs,frih@dbmail.com,RjaSfYj
Fq3507,Erzit,Dmrsn,hwqz@lwmail.com,PqdMvGp
Xt2018,Dzntu,Sfuop,ckqt@hdmail.com,NniAsNa
Ik6579,Mnjvb,Cjwie,wlqy@vpmail.com,GarQzZt
Ku7530,Axexh,Rrgdp,dzey@klmail.com,UudUfTk
Fs3868,Qzezw,Vzlyr,fjbv@epmail.com,LyeGfHs
Ic4169,Lhqtf,Wnexf,cfzr@emmail.com,XmgYcDm
Xp7997,Mxjyw,Eseue,alaj@rfmail.com,PisGsZm
Yv3630,Okdkm,Kxovo,ljhf@djmail.com,TkbMdAf
Lp2980,Hyqfh,Tqshy,shne@hvmail.com,CgcWbPa
Vn4597,Vtzif,Hefyk,eoku@symail.com,BrgLkNq
Sp7096,Ymxjt,Rwhqj,rfii@bimail.com,KjfMpTf
On9270,Ldlpc,Evfgb,wpcz@rdmail.com,CmcIuDu
Ul1796,Dnikv,Ohzkr,oqin@lvmail.com,TuzReEp
Sh3547,Xxrfa,Ztfse,wixc@ojmail.com,NxlAdSu
Sk4486,Pnrgs,Bwblg,kqmo@jxmail.com,TffIqQc
Mb2862,Agiee,Uycbi,vjea@xpmail.com,IiaDaRn
Rk7499,Nnobq,Eqvzk,qgjz@eymail.com,UejQhHr
Qv8427,Mngkc,Zuloa,qaqw@gsmail.com,UwkCaWy
Vh2198,Cskmi,Guese,vzam@ommail.com,AepGmEr
Db6241,Nonfj,Cpknt,fymb@vbmail.com,BemIvLh
Di7693,Tqsoe,Rdqbt,boec@xamail.com,BkpFcTb
Bl6681,Dhxlg,Bjxjw,kiqy@mlmail.com,VhaHxVy
Fy9156,Arjvm,Xegxj,vbyd@drmail.com,ScwJcBk
Bv3163,Tmbad,Xqnjj,yqyq@kdmail.com,VuuMnPa
Ab3149,Hdulw,Vjvmi,ztgw@enmail.com,OpvGcYw
Wm3660,Njdxr,Oncre,wybe@womail.com,FzuKbGy
Wf9720,Bjwka,Ogvnx,ukfj@urmail.com,JylJpZc
Jn2891,Ngvim,Jjmwn,saqu@ofmail.com,KrtZkDj
Cz6679,Cvtdp,Uwxju,cvxx@sgmail.com,GfzYkGg
Mi7293,Ssnjh,Iiyaa,uqtz@armail.com,SzvYxTk
Ln4606,Rbhzu,Rerkz,otoe@qimail.com,WpoPtIe
Lh3244,Xzxbq,Ckmzz,qpqr@zjmail.com,OdsUyIb
Sn6019,Cuemh,Mdjtg,afxm@xbmail.com,WgeOiBq
Rk8161,Hqzke,Xccrh,gcdk@ndmail.com,BnhVdKb
Xn2353,Cngxe,Ymzzg,uqus@qpmail.com,WzwEnSt
Zx4680,Ybiog,Wfqrw,teyn@bjmail.com,YvkNoOv
Im2553,Xmhqa,Lhvuf,kbqn@pkmail.com,HjuWkHi
Gs9325,Lgnvo,Eqvbz,mvij@izmail.com,KwuImUi
Ld4415,Xlfpl,Ozzbm,wlyb@remail.com,BuxXpYz
Ur7208,Lpehn,Dhbpf,ucfa@kamail.com,PueYmFz
Zb2924,Ogerv,Ofntk,qhig@ltmail.com,GybDnIe
Lc1489,Qusut,Jojmo,cyoj@dpmail.com,EfgMcHz
Du8675,Eobtp,Cliku,fcuu@hkmail.com,AviDfPa
Rh9225,Sdzcz,Fdhpi,xqvt@tmmail.com,AmvEtCx
Qv7521,Yppgf,Pyktz,cvqu@mkmail.com,CjxUlMo
Wt7626,Ellww,Ixflf,ahpe@armail.com,EuyStZq
Sq4932,Wmheg,Irqzw,ovrb@bwmail.com,QviQyDw
Vs7270,Rzxiw,Qkwrd,pbyq@tnmail.com,SjfIbOq
Wv3373,Qrdrd,Dyhuh,zfri@uymail.com,XunEpEj
Wm4197,Ttaxn,Rysey,ieho@fjmail.com,SadDhAu
Wi3548,Mrvcn,Qloqr,hblw@rzmail.com,QrkVqPo
Yc2552,Uuuim,Xavdi,lcai@pfmail.com,PrhBuHv
Zh9989,Meecq,Pgdqi,ezff@iumail.com,ShqFaVu
Jq4633,Hkhwr,Gzpjm,cfos@kemail.com,ZtlIqWj
Kj8255,Snpcc,Zyyqf,gpfp@ipmail.com,KkoReRb
Iv1878,Tdukz,Gwtnm,hjmy@pzmail.com,YygVxCb
Lz3595,Bcmad,Cidrm,bdut@wrmail.com,QfvLxSc
Yu1059,Hujzp,Podiw,cnxv@xumail.com,ErkVqMf
Cy9513,Lzwqv,Kiysh,rtev@ajmail.com,WzeBpPe
Qr7694,Qthrn,Gppfu,ssrq@ypmail.com,TipHsNe
Zs2921,Pyrdm,Dsvhy,touc@jmmail.com,RibZzWs
Bh6116,Mlijt,Mlqaa,keyp@lpmail.com,BdnMbVp
Ut8602,Fwkyp,Uybyh,txaf@kzmail.com,ZalMxHl
Dy2452,Gryvq,Oacbp,ppbh@cgmail.com,EguSsQf
Xe1882,Aqqhm,Hmcib,yjky@swmail.com,IpqDyPw
Jw5376,Iaxvy,Ezsxi,eyow@lcmail.com,BvrCpZw
No4361,Edhur,Ovkkf,uthb@rrmail.com,MzbZcPp
Hz2188,Sjkra,Nrnkh,qtoi@gdmail.com,BjgMgRd
Ql2585,Ihzlg,Awpsc,bvch@sxmail.com,FcwVjIq
Li1184,Ssmhe,Ojytq,rzjd@vbmail.com,HkgVbJu
Lq6454,Cxmdu,Ouobe,oueo@kimail.com,IzcQbBk
Pp3549,Fezuy,Idjjf,qtpq@rlmail.com,CsoYhZr
Af3684,Ekutf,Rdvzp,qvqi@hmmail.com,AxiXeOz
Tf1010,Owfjf,Neodc,izjp@wtmail.com,AhlDjTx
St1942,Ygddz,Tfqga,nhux@fymail.com,EcvZcUv
Bc2079,Kfcvp,Nssdk,jupm@znmail.com,MhyLtKa
Aq4299,Wzvrd,Jxohm,vfbt@qxmail.com,YbxNwKn
Er6996,Qkltq,Wcesy,aejn@ammail.com,RyrUeRa
Yl2682,Rovdt,Oxtxb,jwxy@onmail.com,XvwRzPa
At8410,Pbmbq,Ndzeh,uwyh@pamail.com,IepVcId
Qa2098,Chtjz,Tucet,mvcc@etmail.com,PmlHiSu
Kt6526,Mkjeg,Vfxdu,uklj@bmmail.com,VthGqFv
Ga2605,Noalu,Adkks,rxgh@lhmail.com,ZfdEdZs
Ph9949,Ishjh,Pzojf,azwa@nomail.com,GjcPuSx
Vj7233,Furjf,Pdguy,ijhz@owmail.com,GtuOgIk
Ir1978,Viaff,Yjbol,zvqx@fkmail.com,ZrvUcSu
No5101,Alpag,Yarvr,rrfu@yzmail.com,OjqByPc
Tn8486,Tgafc,Lujgs,gmpc@ygmail.com,DdrApUx
Au3803,Pcjda,Tcgkb,ljyo@zbmail.com,ClgHgVr
Vp3818,Xcros,Jshbj,cynz@wtmail.com,EbrHuGq
Wb3650,Hxnke,Titpd,ssul@nhmail.com,UqgYiUa
Xz4906,Axcub,Ezlzt,rdbm@znmail.com,ZkwFmAn
Ul2973,Rvelh,Rdywz,euis@jlmail.com,FqkBkIq
Wa4115,Lkxpj,Cmdno,ohel@ccmail.com,IxrKmMf
Hk5379,Lgoxv,Ltpna,ezck@lfmail.com,CcpRyCl
Zo9576,Fxblv,Yeurr,zeag@evmail.com,QcaHhOx
Gr1466,Kxkwm,Oqgkw,hxjl@npmail.com,HbuFuCv
Rv7951,Gzvpk,Rfvyh,pfdk@btmail.com,RuwZhVo
Ln7816,Onzyl,Jkmej,vxck@edmail.com,CzkGnEj
Fc1525,Nsjnt,Atrsb,ckdm@namail.com,VznBsBb
Sy2755,Htolv,Yoiqx,wdhd@immail.com,TteBlJr
Mc3015,Jkzsv,Idrmd,ocnl@vgmail.com,KjwOeHu
Sr1976,Zfocy,Usews,xuga@hbmail.com,EoeZzTb
Wi6509,Bptid,Mwjtu,dtfj@fumail.com,TemMeKj
Fs6935,Bzmbw,Tnlpn,hagv@gamail.com,ShyAvAo
Ex3135,Rvisy,Nfluc,hwsk@sgmail.com,KvpEiJq
Lt1149,Otnfg,Cprwv,tniy@ulmail.com,VnbJgRq
Ze1075,Bnkwl,Jknek,wnfn@fmmail.com,LgwZqDa
Qs6339,Xkrcf,Viraf,fcae@eymail.com,YndDlHw
Dy9780,Mgful,Bqbyv,wvhk@yomail.com,MbpOfVs
Xr6693,Rvdvb,Zsuri,ncjf@pbmail.com,TovRyKk
Aq2945,Mwxwz,Pbfzq,ojcn@odmail.com,IwnEkLs
Gy9926,Pouro,Wfhmq,ermz@mwmail.com,RbwHaRl
Hz6014,Volnv,Agmjr,gxff@xwmail.com,HyyScBv
Df9460,Mjvks,Zzuvk,tifc@rjmail.com,QcvLuNd
Jg4923,Midwx,Ezywk,ryre@fdmail.com,BaiZfBv
Tu7552,Chzul,Rmajb,rriu@dpmail.com,AxbBpHo
Fa7993,Bxhcb,Zceqe,xfjn@hsmail.com,VdvClGc
Wr5965,Bttat,Hdcss,nlcd@sdmail.com,MtjUxUd
Ju1832,Exomu,Jboqh,oipp@cimail.com,BayPtWp
Ry6321,Inkza,Qtapq,cjxh@zrmail.com,FckCoNa
Cs8247,Njmoh,Oimyz,uldw@szmail.com,UuzHoMk
Pt7527,Iktzc,Wqjsy,wued@svmail.com,BcaCwQy
Qg8396,Psvno,Mnltk,mgda@mqmail.com,NbxTcVl
Mp3172,Ybtzp,Bjbwc,hsue@wwmail.com,XhwZuFo
Pu1249,Cssyj,Vxhrh,jwvl@jemail.com,TfvFxOz
Bz6316,Qurhe,Nflav,bhpp@wxmail.com,XngIwNc
Kg1264,Mxxve,Eethk,lhgk@ihmail.com,UssFeIy
Ib7909,Uwgse,Nfknd,qdvo@wmmail.com,ZziZnQz
Ri3846,Izmic,Haggp,tvnv@cwmail.com,SekUcCc
Nr4203,Qmdap,Xxkmu,zhfl@gymail.com,ZhsWlDu
Kl4051,Jzyrl,Jaobd,fybc@ksmail.com,KccKyJh
Si5804,Jymfj,Xrxus,hgzr@oxmail.com,CrtDmLv
Kl5121,Hacfz,Tdhsf,uwwd@vimail.com,JkrNoZp
Eo5950,Chyea,Fmzwz,epya@aimail.com,ErbYdAe
Yz2863,Aegap,Ytghd,kmck@htmail.com,WrhIvCv
Dj2943,Txgwx,Xalkp,tpas@ibmail.com,SptBfIl
Rx1050,Lwyfk,Rtcqh,tvze@atmail.com,FlnHxPx
Hr5879,Bpckx,Pvzrx,klen@qimail.com,JpgKzMv
Sm6357,Avhxr,Yrohr,fbwo@nqmail.com,KspFjGf
Mk2289,Xetva,Lbpsr,vgfu@ghmail.com,KacJlSq
Uf1731,Tehaf,Ggrgj,bmka@cbmail.com,MjyFoRr
Jf6711,Ygfqo,Bwzmp,uqrw@jbmail.com,OsfLaRv
Hy4078,Gplzg,Yyyra,qgbb@tqmail.com,PctWqZe
Xd1772,Lojea,Zawua,qpji@demail.com,WtbZpNq
Ru3147,Jmuzm,Wjybd,qbqs@awmail.com,OfhKsYd
Ul7213,Drgxy,Bhywe,liqe@yzmail.com,GbwKiCm
Zz3673,Osont,Pfhln,adql@wwmail.com,VxrQzTr
Nc1446,Sidlo,Hjvcb,xblm@pqmail.com,QxpVbGg
Wz8435,Onila,Awcyr,ntlu@bymail.com,ZkpOcUp
Tq2026,Sffws,Tgizg,ncmp@cgmail.com,GeyTxRk
Ga7651,Ogbrb,Zzaha,qkvo@dkmail.com,YxmDxLz
Vh9683,Qcdep,Twndq,ulwn@gsmail.com,RrhMcBh
Xh5339,Psuon,Buxgm,ylhs@ksmail.com,BmpEeJm
Xw8532,Rnhof,Caxhq,qsyb@eomail.com,VbgXrYh
Jk8454,Teuoc,Xjyea,unao@ftmail.com,YmbHkUm
Kq3921,Zhawg,Jxort,rwxz@ommail.com,ZyiOxJg
Cd9523,Enips,Kbcjf,hjll@ggmail.com,AaiObTz
Rx5356,Hhawu,Lktzj,wnvj@ohmail.com,EknZtWq
Cs1251,Cjmdg,Ytvhr,ngvn@bymail.com,AatEhFf
Nx6316,Ovnlk,Taqfz,guik@tmmail.com,FaiLoNk
Ra2652,Ytlwu,Xxxke,fwoe@hpmail.com,VcfYbSf
Vj4794,Iekwv,Vaypt,nivk@unmail.com,PyqIrUj
Ig2239,Vqsav,Ccnfj,drkh@ktmail.com,NqkXwJu
Fo6535,Hdomy,Jzfqg,kqxy@yrmail.com,ZbcKjVg
Hw6673,Fhkke,Qzgjg,ubor@avmail.com,QgbMvWe
Bf7636,Ngsrx,Urzqe,bnnb@temail.com,PktXnZd
Hu6631,Ggavx,Tmfbv,jzcw@tmmail.com,AkaQdWg
Rg5316,Qwrkz,Oebxc,culh@pemail.com,JjlItTk
Rz9380,Ufgsh,Dueug,fjvg@zamail.com,CzlFcLr
Tb4143,Lmvvb,Enikm,ftro@ffmail.com,AcgQeIg
Xs4519,Kigdg,Uvjkm,qlzz@yimail.com,YcqXrMu
Ho2626,Pumbg,Bselh,fnhv@wbmail.com,XhcTgLc
My7946,Pwdme,Rvhxy,lwcv@dumail.com,HhmCiGf
Zi1324,Bwfaf,Vkfwu,ylaz@ebmail.com,XnfOrDl
Sy7321,Uslod,Liagz,wrzt@xjmail.com,ZpdEkEb
Dg8816,Amvjn,Kanqr,lyjq@mamail.com,ZvlJgCl
Mx8725,Thuus,Qhrpu,oksh@rnmail.com,AhoYhCb
If3640,Dbrvw,Jocwq,fdpu@gymail.com,SnzCuPm
Ic6148,Ayxyp,Jjitt,betm@zemail.com,EyeHdJq
Qp3445,Wpvjw,Bmokz,iqef@hzmail.com,FquVpGi
It6345,Dukgm,Hhfsv,yrkp@lcmail.com,YfjPzDk
Ev9519,Iswek,Wloaw,dbaa@krmail.com,BluXkYc
Sp6151,Xbheu,Miaob,slyt@usmail.com,CytWpXu
Kk8449,Wjiqf,Ovleo,nibk@fmmail.com,QueQvIf
Ey9636,Mncgm,Bckae,fbzu@plmail.com,RdsVoAx
Sn1781,Mqdxa,Nbgmm,qvnf@oxmail.com,VjkEeJa
Iy3764,Ktkum,Dpynk,lnyl@kmmail.com,BahZvCj
Pb6738,Ngrlz,Rjkbn,mmpw@fwmail.com,AxyFhKt
Mf6872,Ojels,Lftbl,hejv@rrmail.com,LobRuUf
Fv8026,Mmfag,Ousfl,qblr@vxmail.com,GgyXqPx
Tb1627,Pmkrl,Velbu,iryg@xcmail.com,QhrEkHa
Bj2536,Uezrb,Qtfvf,ddlu@nfmail.com,IenBmMh
Fo3552,Funme,Rjyrc,bxve@mhmail.com,NrhQkGg
Bq1968,Xjgzb,Frhjo,uhfp@npmail.com,ThjDpBp
Ce6562,Cvnqg,Bhxet,yuwj@vymail.com,PglBzUh
Ku5453,Hqzay,Rpsgl,vmzg@ggmail.com,GtjNlTt
Qq1958,Qwnej,Zuplm,mkja@wxmail.com,NngZjXf
Lr7550,Dwnnx,Mjjsu,ejcw@qkmail.com,YucHwVj
Ii1502,Pdwqs,Wutki,xrlg@bgmail.com,RfpJaDj
Ot8574,Ayyeh,Yfquq,tazr@ejmail.com,VqoHbEg
Ce5718,Frmvm,Cjckm,kuhi@ylmail.com,BzcAnXn
Gk8227,Fxgja,Etfmu,latt@zxmail.com,CnuGoIz
Ov6890,Hjzqr,Olhkv,hbjr@qvmail.com,LruMyOx
Gj5212,Btbpi,Taxrd,waxz@yqmail.com,QkjRfBz
Kl1617,Cxdyz,Jrmqq,uzni@ukmail.com,LwkRpDu
Cl3958,Uxucq,Pawej,idhs@qvmail.com,YedVgNd
Ey2539,Cgfpe,Lbazh,ewst@famail.com,PugZnTd
Yi8079,Gpcvt,Lqenn,vhdz@qvmail.com,VmdMaFn
Dd8684,Difmb,Gdrtr,lyrj@xrmail.com,ChbLnJy
Dc9796,Qadig,Bgvqz,yyxu@slmail.com,ShjBmFz
Nq4997,Tdirb,Ndqsp,gfac@blmail.com,EojDpWq
Ue6925,Sjcmw,Ahiqu,usme@ngmail.com,AtfTsIi
Jo8401,Fijbj,Gxjuv,lxxl@mjmail.com,GbqCnTq
Nw2520,Eoflj,Hqnwq,txcp@enmail.com,EwdTsYn
Rq1314,Hxsbw,Ycogo,strx@tkmail.com,VrzFhFx
Kk9799,Edgdz,Qtaby,vpkt@rsmail.com,RgiYwHy
Ub9068,Kfbgn,Wfple,bzdj@eomail.com,JsyGgEq
Mm4304,Padbu,Ibfos,ymsn@hxmail.com,StaJnJa
Mm6247,Doumd,Hixnl,sbpx@qpmail.com,JmzCrSy
Zw4872,Vdljc,Szprv,cllx@nqmail.com,WtrOqKv
Rc8615,Uxjhl,Eijcn,wisv@mqmail.com,KhcIaJq
Eg1509,Btevg,Zgngx,jhge@obmail.com,SfsDfUe
Fv3082,Qqxxz,Hnanh,rssp@hlmail.com,YugLoHm
Fk4373,Ijdus,Alrou,ssvu@tomail.com,KqsSgBk
Ia7775,Xoapd,Ewpis,gpqp@lemail.com,XrbFiLi
Pd7958,Nyumx,Igxbn,ioye@eomail.com,RrcOyCs
Xj9662,Ksmlp,Uopah,slzt@xxmail.com,AtiVsLs
Vt4086,Qveoa,Jxpwp,mpzf@tqmail.com,FoyBwTy
Ax8136,Qqngp,Tuvdb,izav@olmail.com,DyxYfUo
Zx8034,Esqpv,Jlsni,uwky@btmail.com,KzmObDc
Fo6622,Igyrs,Doslt,kqnj@lymail.com,RduVhUq
Us8600,Umchm,Wjxdr,bchn@xnmail.com,VyvDpHo
Xg4078,Fahkl,Wtxmd,fpni@fjmail.com,DoyJbGx
Iw3500,Elcne,Knwnm,xwam@oymail.com,HiuMcSx
Pr7680,Wxexh,Mmruj,jyri@oymail.com,AwoOlZh
Jl7240,Vyjda,Ygvjk,qmfj@jhmail.com,MggYyZv
Fs1028,Oppzc,Zzumh,eqtr@qdmail.com,CgjKtCh
Zf4702,Cyrol,Bomaj,uxsa@emmail.com,RfxDxEr
Yy8871,Xsjyx,Fdcys,hrva@mdmail.com,GqlIkCf
El7046,Hssjq,Goapo,zteq@fmmail.com,YpjJmJd
Dd4964,Qvzqe,Ytrlq,lpgi@rrmail.com,XykMpTm
Oz2095,Lqomc,Zlwew,thnz@cymail.com,MkhYiCv
Cj7589,Pwtim,Dmnxi,lnib@emmail.com,VsfYgPh
Gz3843,Lwwcf,Jerza,emqf@zsmail.com,YsnKzFr
Hu6881,Zdhbl,Xklds,xfpl@npmail.com,RqlRcTl
Jn9385,Ozsbh,Rmuth,eeoh@dbmail.com,GutSpQo
Lz8632,Tszul,Tdqsw,ncgm@numail.com,XmrSaEx
Cw7154,Eaxyt,Fgbtt,jvup@iwmail.com,XpqQpNx
Wm9304,Vfxtw,Okrot,skdw@almail.com,NvdKiUw
Dh5748,Homvy,Ymxml,kizk@lcmail.com,InrAqCh
Gh6435,Cvlgp,Bmdch,tmaw@vkmail.com,XmwNzOx
Fg5739,Bchqa,Aszpt,mzcu@etmail.com,IihZeBr
Nl2226,Gvgdn,Wzwrk,equg@xtmail.com,ImlScXa
So1185,Anana,Vbovj,qikr@qymail.com,UuaJcNq
Kr8457,Zkqjk,Gssex,siun@zkmail.com,MntMtAe
Cn9331,Hzwbi,Rhuhx,hibe@mamail.com,BxiMcYa
Od1738,Kkzut,Qwvdy,qhiv@jzmail.com,QzgNkVt
Ph1455,Rppqb,Kglag,kcph@ibmail.com,DixHqDq
Gj2152,Xpjox,Wkxeh,afal@wzmail.com,SjrNoLt
Mf9427,Gfnma,Kdear,bgrf@yamail.com,EjvMwDs
Gh8125,Hwcbj,Jgahu,dfho@iumail.com,IaaVhQp
Yy4590,Jgcsa,Mndue,veap@jumail.com,ZmvVoLr
Gh8385,Kpsrj,Zdrpq,noar@hkmail.com,XlqMpSm
Ii7370,Thcuf,Kxkyk,ylwx@jimail.com,BwcNlQi
Eh1483,Munpm,Mwyik,zecj@ypmail.com,BumPpKs
Yp4664,Uzzme,Ozxgu,ltwq@xemail.com,DyhUnJw
Zk2255,Xfpkm,Znvqb,sajy@jsmail.com,TufRfMu
Ty8956,Wbjfg,Esrsz,dknw@temail.com,HjePpAs
Lm5510,Ermzd,Updvo,mudd@qsmail.com,WgzOoAz
Tp9492,Wmoij,Sxijy,wskd@uwmail.com,JveMkDs
Qu5553,Qcatf,Mleiu,oemw@oamail.com,BqvPvSe
Al7143,Afabr,Tsoex,dsbd@ycmail.com,VrgJlUa
Zx8574,Lznml,Usqun,fwcx@vomail.com,JxwWyJp
Of9502,Ueadk,Hpwcq,wtpg@etmail.com,TnpVzRy
Rl2408,Xdgyk,Mpwhm,opwg@whmail.com,IxgFnPh
Ck3830,Zhiwz,Uiuui,aafl@zemail.com,CmaRgGm
Ig8897,Ynqkc,Voglv,zerw@jfmail.com,SuxCkRt
Dg5829,Uqcmp,Yaoyg,vesu@rtmail.com,VzlBxHn
Os1069,Iokss,Oyfpl,ibjm@qgmail.com,VoxNsPc
Ja8026,Fcehe,Qqkgh,jegm@yamail.com,VqbMeUj
Db3696,Tjrna,Ngerz,rseh@aamail.com,ZquCyLd
Ij1724,Thero,Ecsws,yrhn@ujmail.com,WlqViPy
Wj9308,Fcmpw,Pbeml,zjdu@eemail.com,JyiMaGz
Cb2978,Muunx,Osoci,sraa@wfmail.com,HhdCvBi
Uu2609,Snznc,Dwure,xtaw@immail.com,FkhHxEs
Vd3899,Xlfam,Gvnhj,rxld@jmmail.com,XzlSvDz
Xy4572,Xhjfq,Xevhb,bssf@pomail.com,XfxUuSz
Ki7679,Uostf,Aexeh,cuha@icmail.com,OhpSwNl
Ce6350,Jkyae,Mjdla,kyto@brmail.com,IeqRoDc
Mw4695,Fonos,Pioih,vccz@wxmail.com,TloRtRy
Of1045,Bgfct,Wafye,ycmu@tcmail.com,JjsWoMq
Nn9582,Kmfuf,Fbjwa,vjkh@bgmail.com,WomWnPy
Lr3625,Iggqa,Tcsro,xwia@csmail.com,TirRyWq
Dx8116,Srzjx,Uonmt,eabr@rbmail.com,QxcMuWl
Ax6637,Vaaew,Wppff,khua@xomail.com,FsgRiSf
Rx9872,Ufqol,Ndmtf,eceq@mvmail.com,YbwVwTw
Wi3185,Pogel,Fbwtr,hqgp@pvmail.com,SozWqRz
Yh7282,Aqoiw,Gwouw,unyv@fymail.com,ShzOqTs
Xa5367,Ildlu,Wwguu,sxmu@owmail.com,WwwJrDv
Mx1065,Dicto,Rjpst,iiiw@vymail.com,KqoStBj
Be8673,Aturx,Sobvp,rjrd@ulmail.com,QhjHuOq
Vs6126,Twmbe,Jkslh,xlmd@comail.com,YahFlDw
Cq3677,Nbhbj,Kbwdw,lcbj@admail.com,TevDdKr
Nm5935,Jjpls,Cigdz,zrko@dxmail.com,KieSuWl
Ft2314,Xcopl,Srvwc,stnc@epmail.com,NyuDxAy
Gr5185,Tijbw,Dksit,dkef@lmmail.com,HkjVsJr
Rr1770,Ziylx,Azank,ucyf@ufmail.com,RqhNpOe
Ow5450,Lpyxo,Seaop,nkxz@mcmail.com,GgiKyLl
Jy2536,Mzbom,Tatks,gsiu@cgmail.com,NwyFfCq
Fi1787,Pcrwv,Sraaw,xlvo@pwmail.com,HqrIrJt
Mw1898,Mfuum,Xvyuu,eyjb@azmail.com,AxxDkSk
Yk2289,Akuzw,Fauxg,fkcs@dxmail.com,XelDbPk
Mt6495,Whdyo,Gzkzm,lerc@esmail.com,VfjIpRf
Zk5927,Iltxf,Grvmq,hadz@fwmail.com,SoyQpUf
Yo7743,Txlqw,Ibvau,qhwk@gqmail.com,LjwVwUw
Dz8635,Dpypm,Hptjb,yndt@egmail.com,SejSmVz
Wl5237,Ivsjv,Fuggl,qsie@uemail.com,BqfYlQh
Mu6372,Kxcnm,Tgjnz,pdyw@iimail.com,LjeZcGa
Hk2774,Hoxnw,Pwhar,zczs@ivmail.com,LnmXhWd
Gn8935,Soofb,Tkkbt,nhdw@lhmail.com,RejAuTv
Dg5703,Pgimy,Cgwzj,aauz@gymail.com,LnsJpTl
Po7761,Tbolw,Zygbh,eabr@grmail.com,BrfNqJj
Yv9906,Gpmsf,Wxghk,vtfu@rpmail.com,OspUeYg
In3351,Nvnoq,Holmq,knmp@samail.com,TlnPpPe
Dg2684,Rdbml,Kfkbi,vxxx@wjmail.com,SmmRwIq
Rn7377,Bsity,Vzdmp,zknx@qmmail.com,ItbUvRy
Ee1243,Cxnfc,Uplgz,esnx@numail.com,ZepPiRy
It4399,Nzjet,Vipfi,ryjm@ddmail.com,CesDvIq
Mn2423,Ibkci,Txfjo,gcwr@crmail.com,AogCzYp
Sw9917,Bamfj,Txzgt,nsjm@vjmail.com,SjuJbNn
Ur9893,Uprwc,Gvoxd,zplf@domail.com,CthRbSn
Az7398,Ruegn,Bjgvg,aoyh@fkmail.com,RihIlYe
In6861,Ebbds,Pktix,rufk@etmail.com,MrkOdSo
Ip1338,Jiqzy,Ddtzo,tidh@azmail.com,GhhJyQf
Uo3425,Ykleg,Dbtzw,sodz@fqmail.com,XmjJgCr
Qw7244,Wlrxf,Tsddp,dujq@cymail.com,LbeJwQi
Uy4278,Uiklt,Shwdn,kfip@abmail.com,FpsBbTe
Nl2339,Qdpzo,Iipoq,olvg@oxmail.com,LhfCzCn
Wc2408,Oeozk,Ssckd,qmpw@shmail.com,QlqUrUn
Se1821,Pclvq,Rgyyt,tjof@fdmail.com,ZcqDsFm
Zw4015,Whmwo,Iatnf,zpta@kwmail.com,CdyCaBo
Ar6730,Owbaa,Iquje,wlmz@mymail.com,AdgLrKi
Fd5131,Ewvfd,Tmgdm,kqwe@asmail.com,WztGtRu
Ef4054,Uykjc,Sbmhi,lrwf@atmail.com,YkbLzNi
Fr4146,Lmajc,Ilzpg,lmwh@sgmail.com,KtnIeWh
Qk1636,Ucfte,Srxqt,aubj@zpmail.com,LphEjPq
Ap8912,Vgabc,Rwxgk,hozu@yvmail.com,MyzIaZi
Dn3112,Ebvva,Fodwy,ioql@uomail.com,HbeYnUv
Cs1758,Mowds,Yjoej,ucuy@fnmail.com,ZwcVrXw
Sm9153,Vsixi,Qwzll,qugy@rymail.com,LqkRaPa
Rq2816,Czqbz,Tjvqy,qxhs@kamail.com,PqiZjTa
Ox2871,Kfkfk,Ugfht,ukgq@vpmail.com,EatIgZf
Ij3201,Wpnhg,Sezsi,jnac@zemail.com,CkiPkXn
Nb9679,Hclja,Qenic,xfwb@cumail.com,TqmShSl
Iy6527,Cztvx,Uzpcc,kafx@vnmail.com,GggHgDy
Da5554,Fxogr,Pauvv,cbjo@sqmail.com,OqqCtJh
Kb1190,Cpddh,Bxerm,ujjk@sjmail.com,JqlNnLp
Fg2141,Lxgmt,Fhxuw,tpue@bjmail.com,TcjMwMu
Xl3116,Btbcn,Bxzrx,stba@lamail.com,SszHqAf
Es5191,Drtik,Hccfn,yfax@wamail.com,YolSzZz
Zj6432,Bdqun,Xzmkg,ljra@phmail.com,SleXrCi
Ud5556,Dxfrq,Rjomt,wicd@ksmail.com,BjmZkAa
Tb5252,Amlpi,Rlhyc,zsdc@vwmail.com,ZwcQyIy
Vi8135,Ayhrp,Wsngc,jidx@yxmail.com,RpoVfMe
Ju1281,Yycvu,Yfncg,bzga@jdmail.com,FqyApQz
Ky3898,Fport,Gkhka,lcjj@nfmail.com,YxdZmQe
Jj9223,Mxpdh,Sfjmh,ompw@kjmail.com,VniVmBf
Fr5016,Kxyhu,Gyzex,yqhc@chmail.com,YvjKvFi
Fd6999,Slsfw,Oltcb,fyzk@damail.com,CbgKtWh
Qv5064,Iuiee,Xckkm,tykb@szmail.com,QshWsXt
Qi5704,Lcolm,Xuuks,lpcw@cvmail.com,VobNeEi
Sn3183,Cprpb,Lnwta,lzua@xumail.com,QcvVmAf
Gz7482,Forzp,Vhwrb,jdiu@mrmail.com,FawVhSi
Eo2907,Kameq,Wdqoh,mxpw@hqmail.com,KemXfTx
Wa5899,Eyujs,Fyrir,jkxp@vrmail.com,PswKlYn
Wk7482,Mqgix,Ixgst,hptv@himail.com,YmlLnRr
Bc2217,Qrhdg,Ippxv,uuqf@ehmail.com,UeoEqEa
Rk9959,Hmnks,Qoibk,hnca@tymail.com,BiyCrQw
Mx7027,Linwr,Dbdjt,vkfz@qemail.com,VogXcAk
Yl5048,Omrdy,Mzgxg,woyr@pumail.com,OrzBwXa
Iv2938,Fhdlb,Ijgcn,uobf@enmail.com,LmtTlLm
Sx1237,Ryatd,Qoddf,euvp@aumail.com,MuaXvEs
Ly3359,Xauja,Ihznq,tldv@dlmail.com,TkeBwXu
Xe2783,Uleyt,Annds,hjcf@lbmail.com,KkvEjUx
Bn4188,Mhpom,Ejxds,lrmq@qqmail.com,NvuAtXx
In5027,Xluxe,Dzggn,kkta@nvmail.com,FxwDvAs
Vh2954,Pucoa,Vduyg,kiir@kpmail.com,AreUlTa
Ib3019,Frwzh,Yodea,mbnm@ckmail.com,CglYyDy
Rl2214,Tkikc,Zjfsf,txjw@gxmail.com,SzvNfJi
Ba9727,Yqgiy,Lfwwc,gnwu@xnmail.com,DjaJdEt
Vf4673,Pzafi,Oqpzv,euxs@kjmail.com,YwjPoMb
Jq1257,Gtpze,Fwait,sxtt@zzmail.com,WjeHsRz
Kk2394,Iyhyb,Yulkh,hwrt@mqmail.com,GptKbSq
Yr8408,Giiwa,Rosnx,nqrx@dcmail.com,TakDgXq
Az2310,Ckywr,Iahvq,xaed@htmail.com,RbaVeIt
Cd4785,Suejt,Fbczw,yycf@gxmail.com,GluHqLg
Vs3286,Knjtq,Vvzdy,djzi@cnmail.com,XvkVgXj
Tn9131,Mvecy,Tmfsf,qksq@pzmail.com,RobEaQh
Fc3970,Uzhlo,Reonj,zfpb@xymail.com,UwjWkGu
Mr1076,Wgcze,Apxdk,wnvq@fhmail.com,SvzKfUs
Dv5426,Rvlxf,Fhdyr,snhh@ymmail.com,FxqGnEm
Ru7791,Dutqh,Kmzmq,uqcu@xsmail.com,GazMgBe
Me6600,Igkiy,Zyyfj,vhjf@bamail.com,DkmIiXn
Is4113,Jfbxe,Cazzm,jjak@sjmail.com,ZheZjXb
As3445,Jsdzz,Nrzjx,oufs@femail.com,KqjSbUf
Gn8920,Aqnty,Jpopt,uony@hpmail.com,BmgRmZf
Ky5666,Dmnzq,Ewbtq,tllr@ptmail.com,UspLcWr
Ur5205,Dwjcc,Gypsy,mpcb@xomail.com,XskRaIb
Bn1300,Ogqya,Gkyfr,zntk@unmail.com,ShoAfIo
Bh1822,Ibocy,Zdrst,mocg@yymail.com,UomOuXe
Dh4676,Ddvxi,Wixiq,isxs@rbmail.com,XfiAtXw
Lo8727,Zntfy,Gisnx,opki@iymail.com,YytVvYl
Em2996,Wftcz,Mvsdl,argc@gwmail.com,FyuOcNv
Xz8652,Imgip,Hblim,ygfs@zpmail.com,SzwDfBt
Oz8586,Iqhua,Kwkzw,feko@hymail.com,JukAtMq
Mo8876,Dugng,Qpnfr,tred@vbmail.com,BedZeJc
Dn8470,Ubirq,Cbjtc,jtoi@jwmail.com,PxdFuPp
Cy6386,Riutg,Epika,bfcp@nqmail.com,RbvRgEw
Cr7378,Bcubi,Fuubu,vjuh@dgmail.com,BtmBxHb
Dm7427,Hlzmp,Kghws,wegm@awmail.com,CatBzVf
Qo6847,Jzmly,Latwa,lsaf@lkmail.com,UdaJbKy
Rn2959,Cedyr,Svobf,zbrf@rqmail.com,EqeFuHp
Yk2114,Djnpm,Kmmko,dlba@sbmail.com,VkjYqUx
Je7111,Lwoaf,Xarxz,hatu@fjmail.com,QbeVvSo
At6634,Quvmw,Aiath,bkzy@qjmail.com,LeyLaRl
Ji4313,Ixskl,Xqfkw,sndt@snmail.com,QpqVmSv
Hx8195,Ovksh,Fsivq,ouay@jnmail.com,UpgZsAr
Tc4644,Gdbyl,Twjuj,pcgc@aimail.com,NjdZnKg
Ru3808,Bdtbn,Usrnb,fmli@olmail.com,EtrSdCv
Pt3559,Jjnjj,Fmuya,hako@ixmail.com,CraIvCu
Jm6752,Vagph,Flcil,bmcd@vtmail.com,QuoEwHs
Sy2660,Qqmuo,Ewdcl,cntp@zhmail.com,FnwWlHu
Ur6860,Gekmx,Ocrlr,ydgx@oemail.com,PvyJpHg
En7211,Inusu,Zlyji,aiyl@ogmail.com,IeyShKz
Xn2954,Jjtto,Rduzt,xrxa@mpmail.com,JyaRjGs
Je7831,Nmayy,Qprxh,seni@exmail.com,VgwCyEx
Uq2875,Ndpiy,Ruvkh,hpjh@zvmail.com,SbbMgGf
Ya4936,Oedgs,Ddfvz,bdzo@zzmail.com,LiqMmVv
At6744,Rnsxr,Idhko,gyzt@jxmail.com,IwpOxXa
Ea5577,Yeivj,Dbnap,aglz@sxmail.com,HozSzAd
Et4282,Attzn,Eljhw,apjg@xxmail.com,NpcEuTe
Hx6050,Bybvx,Ogbqm,mdor@fsmail.com,EugViYt
Ti1839,Keylr,Fpfje,coaq@tmmail.com,YvtGfVe
Tk3826,Kxkxz,Egwhx,kbqr@tmmail.com,WatRiYn
Qz8778,Ilhue,Ovvey,adsh@wsmail.com,TzbJwNi
He4749,Qzhmx,Tqvlr,dcls@bhmail.com,RbkVhCp
Rt1117,Hlhsw,Wcuao,ytrl@bqmail.com,CitMfZx
Vy2771,Etghi,Hpyab,ljfy@zfmail.com,KcrMbTm
El1044,Szxwp,Xszfu,ihft@rbmail.com,NwzVeYi
Mb8220,Pjfha,Qhugo,royb@fkmail.com,CxfHhXg
Rz5502,Fegol,Cybzm,ercz@camail.com,LgaApXc
Qa9630,Dviff,Pxnpz,wtmg@okmail.com,UkkZtGh
Mn6810,Swvcq,Rvoqx,oqno@cmmail.com,ItwOrXs
Fy9008,Nqgkz,Ogmva,hcav@iomail.com,NgsKeTf
Uj3678,Yuiqf,Qyqvi,rzye@pcmail.com,WqaPtTx
Pa6099,Lfilb,Wyrpg,vqmc@jemail.com,NbaQlIx
Hh9939,Hwidx,Dfzpt,notp@ufmail.com,RrqFqIs
Vf3347,Ffwwy,Ytcvm,lgry@bdmail.com,KkwCkUd
Jk8617,Zkxlo,Ketjj,yvyj@gsmail.com,WtrMrVe
Kt7201,Oeiaw,Srxle,nqnp@rrmail.com,BrqDeFv
Vd4966,Ubwej,Segpm,dshh@ipmail.com,ScbVdWi
Dy7120,Tqmdl,Oquex,votp@tfmail.com,FatFmAr
Ts2049,Moajh,Tobnl,iiyb@kgmail.com,MgiAcDk
Bz3213,Yubkk,Jwsfy,eoor@mrmail.com,TieHrDl
Oy9433,Tdcgu,Wloaz,agdh@jrmail.com,FbdCnDs
Yg1846,Yfhxb,Phcje,radb@wcmail.com,KjvYlTp
Ku2005,Cdcio,Yigmj,bxtb@gwmail.com,WxqFsNu
Xw7849,Wcysn,Hhlow,nrfn@humail.com,ByhGxCd
Tu8040,Flwrr,Zkcgg,ctwu@gxmail.com,GpfYvOc
Tj2168,Btswd,Ltmji,jvsv@ysmail.com,TcpYfEq
Ia1674,Suwif,Zuqqh,yjjz@wimail.com,DybOnNa
Hx9266,Xvplb,Xidtn,ydnn@qemail.com,AhbQzGr
Sm7319,Nejuu,Jjvsr,cqij@ksmail.com,UhmMmSy
Nl1124,Sjznm,Jbzrw,wozw@fhmail.com,NdtPqRw
Fs6069,Tjdbn,Ukrff,lufv@vnmail.com,ByxMsBz
Sv4166,Ptfeb,Xrnbs,qkfb@ccmail.com,VnoXoCd
Fc5076,Ipgex,Oqpaq,ceti@jomail.com,RtlPkXr
Zf4947,Tkypn,Qsrva,rshf@nlmail.com,YmbNmPz
Fy8342,Wlayj,Bdcgz,kmmj@xhmail.com,YpgUwWt
Cq5224,Oinjr,Lbzkl,mxai@axmail.com,GzgPwKj
Yh2964,Eqouy,Qnkir,pyet@tkmail.com,DcqHwOo
Dz7604,Twrck,Afjhz,btlr@yfmail.com,YekFuLk
Jt6497,Yzory,Sieyj,sulw@hbmail.com,TncQeZu
Al7696,Ousln,Lomcv,yxvz@oimail.com,ShbDwWf
Iu1436,Obkcg,Ssqdp,fjrl@snmail.com,NzeXuDb
Us8399,Vinir,Wjaxm,pdih@btmail.com,OlcUqDj
Dg6215,Biqwe,Ocvds,vlwt@vxmail.com,EgsUxSv
Ai2650,Girtt,Hhnsr,ckyl@gpmail.com,ZkzTiJu
Ab5765,Nznzj,Flqdz,eyuu@jemail.com,LweImDy
Xr6057,Oqmkd,Qmjia,aupi@zrmail.com,YqmOxUm
It9598,Wpwpt,Dlfvl,axve@smmail.com,NaxJnJs
Ps4538,Cjoxr,Hknsl,cxun@dmmail.com,RscHtTd
Vi4017,Hehiu,Mukjt,xfup@iomail.com,KctHdKe
Dh4449,Ifhmz,Zaqub,nqew@pvmail.com,VcoNhOd
Jk5106,Hmzfq,Tgrqr,rsvk@zdmail.com,HtnTqVy
Jz3907,Exabo,Ctuki,vgmi@hqmail.com,PrjFwGd
Zf5645,Weivb,Giszc,vzsd@uhmail.com,HusDaEb
If8810,Ajtum,Giyhx,rkzb@agmail.com,BruDiUu
Jk2920,Hekax,Hfmxk,lqfe@femail.com,NxrHfIa
Ak1243,Kktlw,Inefa,lgjt@kemail.com,VncNpFz
Sr6225,Mkxcn,Saemw,sgex@bumail.com,YcdFyUb
Ar2532,Flzkf,Yzdxv,hjys@dwmail.com,AkwIoFl
Cp9222,Fyakh,Powph,sewe@ucmail.com,SxeIlGi
Gn4535,Apdhy,Uroci,cvsc@humail.com,ZzpBgRp
Nu2006,Iofzq,Gadvp,evnu@bcmail.com,DxvXmRp
Yf8793,Qhoim,Dsxui,nfgn@jlmail.com,LpoZyIb
Bi4773,Temxw,Ovdqg,rsbb@ccmail.com,YicVzNr
Wd7925,Aelyp,Wimok,btcw@qwmail.com,RezHaGr
Fb4809,Ghsrc,Njhwf,tboi@ajmail.com,VjeDqXe
Wl4512,Xzrxy,Plzgl,yghg@rfmail.com,LzeIsWn
Av3475,Gjwgw,Zwetj,mptl@pjmail.com,WnxJdMw
Fo4219,Cqyxa,Vbwrf,ghnk@wymail.com,EiqWiBm
Tf4845,Woylo,Kfhsb,bmgc@sumail.com,ByyOcVw
Gq9738,Grbdw,Ngfxh,zapo@gdmail.com,CbdWxDh
Os6834,Voybb,Pmkgr,jeky@ahmail.com,AvpNhCs
Ir2933,Ldago,Hjwzh,umgh@ggmail.com,GoqLcXv
Qe5705,Hoxlr,Ahtof,eqky@yymail.com,ZecFdGx
Vd9556,Ptsqp,Ejcgo,ixin@efmail.com,WeyPrWw
Id2586,Aanho,Bwsia,olzr@uwmail.com,OueXrGt
Ja9664,Tzhhg,Expjs,yhdd@kmmail.com,CzxRwOn
Hc8741,Zfvlr,Fpkyj,wbgy@ctmail.com,AypUbXo
Ww6148,Apmlv,Tavay,koup@domail.com,WetUqBm
Tc7596,Ewlfe,Gnrkb,fazx@ucmail.com,QavPjJz
Qy7361,Xtwqh,Qrync,ehgk@yjmail.com,SnvNmCt
Gi5154,Dbvpk,Hfsys,cdpf@zymail.com,KykJmYf
Nt5279,Jajjb,Upkeg,ydrc@lvmail.com,GhhShQr
Hv4748,Oyreq,Vhvhq,vrlu@ypmail.com,IjqJyWk
Sj3444,Dglkx,Vitvn,lrej@zwmail.com,KmgBxRq
Zo9323,Txvbi,Znqir,hyiw@uvmail.com,TuoOmBv
Op7995,Lkqjg,Fpzty,totf@gumail.com,BtnSySr
Xz6602,Hudzz,Xnybi,lwek@azmail.com,NslTfVh
Yj9681,Cqrvk,Tqglu,oaxw@czmail.com,TbyMzDo
Ao2196,Khink,Mzigm,jplr@lgmail.com,KwfKdKz
Zu5064,Jilwr,Vjwsh,lvvo@wymail.com,BvtUhHm
Jm8810,Knxre,Blrph,kzhw@kgmail.com,QxzLqAf
Fc6135,Cgyie,Pozkd,hacl@hamail.com,MiiLnCw
Bo3167,Xcveu,Xmutf,zsme@nomail.com,LlfTvJy
Ny2764,Kuruq,Sikkz,qhcp@rwmail.com,HryTyKs
Jf8902,Cudsr,Npgln,zind@cfmail.com,NtcJbHg
Bp9316,Eusoe,Nquez,eeqc@hxmail.com,NocRxSr
Ef1251,Qporg,Htjxn,rlck@gbmail.com,OjqEyXw
Hr9349,Kwpsy,Tdghk,oejt@yamail.com,PobFxEe
Th1191,Adpua,Aezfx,awtx@jxmail.com,LnuNtSg
Da9278,Vhimi,Animi,mvra@cwmail.com,EggNnPo
Kl6063,Lvtjq,Braqv,dnzk@jymail.com,NyrPdXg
Mu1252,Fehwg,Ymiyj,jufd@mcmail.com,FbuEoXj
Gc7694,Jmrnk,Apcwx,tbkl@oomail.com,UlhGaWa
Vo2099,Miwdw,Jvrkw,crrx@qpmail.com,FiiSkRe
Vt5374,Pvnba,Rgovp,xwsu@nmmail.com,RioFzGk
Cs4610,Elxou,Hulng,pbip@comail.com,QovNsUq
Lw5284,Aunlk,Tdmdp,idky@bnmail.com,ZhtVoNp
Is8737,Fydgo,Gdyxd,hdcg@hdmail.com,FgfBwUx
St9209,Idokt,Isufv,osnr@vomail.com,XngMgUh
Go7009,Wsgyl,Zrpyg,utfb@ocmail.com,XuoQtYj
Ds1606,Kfuov,Affal,njcu@limail.com,VhwHpYg
Je8012,Ubzvp,Mbwjw,lmli@pumail.com,TvyXmUx
Yq7839,Cwvql,Sdwjn,udtd@tnmail.com,SnuSqIj
Ak6169,Kwrmy,Mvxre,joph@qamail.com,HxlQtWc
Us5737,Bknde,Tdojh,sazq@mfmail.com,KecCiZw
Tt7874,Hshlx,Pflrp,kkxe@dsmail.com,LsdVtIu
Jg2324,Mjkri,Rbiys,qhah@glmail.com,TjnWzCs
Ks2453,Zmouw,Geafm,sdof@somail.com,OdePoRy
Jf1029,Yqcxa,Xaqrh,upjh@ktmail.com,HleJqZq
Zz3447,Xlccu,Uilcr,wwkr@mmmail.com,NugMiLo
Tg6358,Trmpg,Fdjuf,yegu@bmmail.com,RwsTlDp
Nw9493,Pzzko,Avhmx,kcbp@ywmail.com,FwfWxRv
Ul6011,Cvbws,Ybton,czls@mfmail.com,LulLvMc
Sq5332,Twlho,Cnknp,yvoq@bqmail.com,GleShVd
Sa3808,Sbkak,Reqst,sypn@ngmail.com,XhhBuGl
Nh9492,Bxdve,Vuzul,tphh@zvmail.com,KsiLzBd
Sy5302,Bubzr,Qoiht,vsdh@wqmail.com,VzxLeJv
Ea8939,Qjgqp,Gzzxu,rpuf@wkmail.com,ZcbXmIe
Le9410,Akozk,Zaxgk,djes@usmail.com,RnkKmOy
Nf9455,Onzqo,Rngdz,jcsl@eymail.com,GpxRnAg
Kt3308,Rkzdr,Zpysl,izdn@ccmail.com,ZfiBfFq
Nx7269,Tdvzc,Ubjek,xetb@rymail.com,EwfJqJb
Ni7983,Nvyts,Xxsiu,osar@obmail.com,HbvMlYi
Nd9411,Ogxtj,Zxsvh,llzk@emmail.com,TktFxCg
Sh2327,Edlhk,Eynlp,cszb@epmail.com,LkrLnYh
Az7361,Tzign,Fpwbe,rxyk@nrmail.com,SsgHmJi
Ti8252,Kjfxz,Buovd,diwb@zhmail.com,FmkFrMy
Eo6729,Jyvhj,Zdhgp,ngwt@dvmail.com,FhrWrEl
Jt2555,Okdkz,Nfblr,bnqg@hbmail.com,UgwFhBk
Iz3558,Cmsuj,Ndsjg,tikw@icmail.com,MabZdPz
Zs5856,Osudx,Dcnck,woiq@zlmail.com,DvcSdSf
Cj9799,Azrul,Stybs,sagf@wsmail.com,TfqUzRi
Vw3885,Sfhue,Xpqjp,yffg@jomail.com,DfaLbBf
Tn7069,Euumn,Hnwkh,yszy@rnmail.com,AqxKeSa
Gq3680,Mtekt,Mwhlm,bwop@jrmail.com,HbrVvWg
Kc5391,Acwnk,Tkwwv,ltbj@ftmail.com,VneYqFs
Fe1090,Dteil,Dlixc,lvti@kfmail.com,XbfWaQy
Tm8417,Knukg,Zuaor,cobt@zpmail.com,FfsGtCb
Gi8365,Ryhhr,Nenyl,yvlz@hjmail.com,IqfImQk
Ws9338,Etvdk,Dgtym,cmjp@oqmail.com,WqdTrBs
Wn4893,Cusdr,Oleib,urpc@pcmail.com,GxzZhCc
Dm6712,Gfyql,Qgrzp,hpqf@kemail.com,AdsYoOl
Zu5499,Anbco,Qmrbo,wsei@vnmail.com,ZmsPmEg
Du5769,Qlpqj,Qfzha,qqgx@nbmail.com,WjqRrMm
Uh6838,Rbxwa,Jobqj,zfon@vjmail.com,FdiEmPb
Ql8956,Fdtbw,Nabpt,kavf@yomail.com,XbkTlWh
Sb9337,Grios,Jsqnh,looc@okmail.com,WtfAqTq
Oq2757,Bnojo,Goiab,vvsl@cdmail.com,TdpXyGa
Bu4995,Orxba,Xfxqd,qcbc@vpmail.com,QadJeZn
Ug3832,Ufpkv,Dorzc,estp@mlmail.com,EtbInOr
Qx6466,Dyayw,Mvkev,qroa@xlmail.com,IxeBxJp
Ku8537,Ssvek,Pfadm,edeu@kumail.com,RzqVbXj
Wu9496,Rtiup,Vhisw,hvhn@aomail.com,QfzIzKf
Ub1263,Uvlpw,Uzeum,uxfo@gxmail.com,ZivWrMx
Ig7648,Ajkcl,Wueot,okoc@memail.com,HquOhRo
Lg1495,Ltyjm,Efhnx,fhye@plmail.com,LxmEeRt
Nb5235,Gzswn,Pchpd,atpb@bdmail.com,QwnBsEc
Yc1247,Rtlwt,Oboro,opca@djmail.com,WakStBf
Yb8884,Zsseb,Esvlx,vvjm@zsmail.com,JqsBoEx
Ww4369,Owxgc,Lazpq,jdql@rdmail.com,LbkZiSb
Pi9589,Yngcr,Coktd,zxxv@aumail.com,UabEjSj
Ju7550,Uxxnu,Pqqwf,gyez@ulmail.com,FlgEnCl
Pd8829,Lfogl,Obdkz,bynt@qamail.com,IxqNuJs
By7586,Exfin,Xirze,zipj@kemail.com,OptJoKe
Iq8100,Ccmmg,Qwieu,rlfm@yamail.com,MycCdJh
Kw6230,Phflq,Qnfas,rkch@jimail.com,YwvVyJe
Fj1314,Ibgqx,Uxkuf,gerg@eymail.com,AffCuLv
Jl2529,Zjsmx,Oakht,rnbm@olmail.com,MofZjTp
Gc2597,Tbrth,Htjct,iing@jqmail.com,LgjJuOf
Cg5327,Founm,Cmlxu,ohwn@hpmail.com,IloFaYw
Bg5956,Fuvnn,Ihekz,zmsz@vqmail.com,KokJjQp
Nq5426,Rqthl,Qgsly,nspd@ytmail.com,YsiVeYv
Om8909,Xzuow,Ubvqe,vhym@ucmail.com,GnwWxGc
Vw8698,Coebx,Ffjxm,jmdf@lymail.com,TciUnOd
Ll5275,Xatvx,Cgydj,jexq@pumail.com,CfkXzZo
Sj5323,Hjlrm,Hoqwo,ovxj@qnmail.com,IvbBmPn
Mg4959,Tzdwa,Mtqhk,vudc@hrmail.com,ItdKtOt
Gp2500,Verjv,Ftpvf,zfmo@rgmail.com,UxrDhKx
Gm7282,Xjcck,Pmetc,ierz@ytmail.com,ZquPfRv
Qw8176,Irhlr,Vpvyl,ajcs@tkmail.com,UkaHfYm
Fj2406,Aunis,Dyigj,wjpj@zsmail.com,JwyLwTm
Gc9809,Oqvpv,Adqnk,pnpu@chmail.com,MjtSwKa
Nj1798,Fvgyo,Oxice,kvwd@oqmail.com,FhuEoVd
Lu2581,Nevoz,Rhuwg,wehg@nhmail.com,WbgHuZm
Ya5319,Avnwt,Gapmc,zrnf@gmmail.com,PzxGhOf
Dm4958,Ijkvf,Nqwfi,dsiy@qamail.com,TurTrFp
Rp9534,Duzln,Cskbj,hiez@hrmail.com,IuxJdRt
Ny2238,Sdrcf,Asmra,zfni@xbmail.com,IpsQeDw
Lh1548,Iqxrq,Rmpjp,pfrt@ufmail.com,QtqHhRu
Eo5477,Ytwtg,Csfth,viro@zhmail.com,QgzZgSi
Vh4654,Nsjsm,Evyen,plfy@ctmail.com,KaxTpGk
Wn5102,Sxdbz,Yzbgh,bnbn@zemail.com,CqdVtWe
Pn9891,Oabvr,Qhlox,wwwd@bkmail.com,ZfkDiRw
Jk2065,Ozcsb,Cvfrv,eygi@nlmail.com,HmtGbZr
Jk9452,Nowfl,Dqlvl,sros@bjmail.com,EbmJfAh
Vv4145,Tpjsq,Ccepp,tqdi@yomail.com,UmfOtMr
Le1522,Tqwfb,Kzxff,gjfq@symail.com,KciZwWn
Jt8375,Ddwip,Fnkka,qwpp@sqmail.com,MqrLiGq
Cg5731,Mhbim,Pjuwi,hjfu@lqmail.com,RpyQbFi
Rz2408,Uegrp,Dyngx,bxvv@mcmail.com,SkmBgSs
Qn6798,Nvyxu,Jfjva,fuhi@edmail.com,EsdLqZe
Ry2938,Mnhnf,Ygdzi,yqfn@shmail.com,FvkByQe
Dm6491,Rxufz,Phcbl,ouke@dpmail.com,EanApSb
Nc7342,Jocad,Haxcf,zamy@jnmail.com,FoiZuBh
Kv6282,Vcwwd,Vqchp,hmlz@glmail.com,SebGtZy
Uj3657,Xwjmy,Yrxnk,thhw@hnmail.com,AiiQnLl
Re1033,Liggw,Kydfw,mpsr@qjmail.com,XotEzQn
Im8145,Lfqrk,Psriy,eesn@ynmail.com,GdzGfIe
Vh9348,Uvwem,Pthdv,luml@xvmail.com,SqiQgCn
Hu3092,Sdlli,Tvvev,sfld@jrmail.com,IznGwLl
St4372,Xocmp,Mzdjo,ppxn@zgmail.com,EscHmLu
Sw3610,Lxgrs,Xqdfg,pclv@ykmail.com,XswDqIz
Bm2222,Xpwqq,Iqhqd,zlnz@tcmail.com,UepGoDt
Ao9586,Psybu,Vytvc,yxwd@xbmail.com,UeaHhDm
Ni7168,Lwrpp,Rnhxw,uytx@olmail.com,FydVpCm
Me9560,Dyegj,Mkzpm,slur@pmmail.com,BpnKiLz
Md6777,Xfgzs,Zrglc,ddkx@zpmail.com,WjqDvXj
Ku4933,Zmyyc,Kjxgb,aike@lcmail.com,HbrThKj
Xp6979,Tdctl,Yezul,piiq@odmail.com,VdjMqGu
Io7016,Xqnam,Opxci,okop@mtmail.com,AptIqIr
Ss6714,Gowko,Pulmg,hkeu@mqmail.com,JnkUsDl
Nv2303,Wnvxg,Tfcjr,zyra@azmail.com,HzkTlBn
Ro2911,Oizwr,Lwigs,cxzp@tomail.com,IndEzQg
Wk4660,Nuwkt,Jqcym,ksan@zumail.com,DfpXiAn
Nq6005,Eqlod,Ewdcf,vftw@mhmail.com,IklNkSi
Mu6845,Vsezv,Bwqne,uusg@lumail.com,IvyTrWr
Pw1290,Ibmnq,Cvohs,csgi@lwmail.com,QlwBiLd
Gn2808,Rfqkx,Rfham,cccp@comail.com,GwwXwMk
Mo3622,Vliwp,Dixwq,bede@gkmail.com,EwqSuPt
He1324,Fkodj,Nyljn,bdlb@uomail.com,YseKsWw
Si5004,Rprqk,Qlutm,xnyn@egmail.com,KmbUbIb
Nl2153,Yfgfh,Erwmj,grud@immail.com,XjpFtJw
Hi6415,Qkndl,Mmpkm,bini@ukmail.com,YpgQtAt
Ni1221,Xusnu,Qrtzb,mukr@ikmail.com,SwaByHh
Gc5011,Zhnte,Gamuz,rcpp@cdmail.com,YpqNxOe
Qo4079,Htefv,Lfztx,kziv@xymail.com,ZyfBwFx
Vw2928,Rgben,Durxx,evtz@jzmail.com,LdjOiMk
In6516,Rpmcn,Atseq,nero@zfmail.com,ZauYpYb
Mj5125,Hksyx,Tdmjm,hpey@fpmail.com,MfeGhFk
Vv1838,Omtcq,Xcnbp,rdgx@lmmail.com,NnoPzXk
Sb2503,Ytnpw,Bdlym,dhbn@gkmail.com,EqnNeDk
Hc3618,Nbizy,Qjhvw,flzj@ykmail.com,IfdXeMn
Si2569,Vxrey,Wjyrr,gcyj@jtmail.com,GiaFkQz
Hw6883,Vzbaf,Gfvyz,nlhk@abmail.com,QliCaEg
Uu4389,Qavjd,Sbiol,vnhd@pdmail.com,CljTpYh
Hx1190,Rqfoa,Uzybh,gipb@bwmail.com,GskLmOt
Dn6364,Nvzrz,Imymi,vsju@jcmail.com,VkpLjJa
Xq8897,Etgcb,Ndydj,adsx@bzmail.com,KgbZmXk
Oh2742,Zrilm,Wgdym,gojf@ngmail.com,YxuLkCi
Qs5882,Mdudr,Ixtsn,nygf@tymail.com,RqyOfJe
Qh3159,Zowpu,Yrzxp,fphi@fqmail.com,MbyMqQa
Ha3501,Vjdxr,Txxwf,mzlk@wbmail.com,IbgMvQi
Ld7046,Qjbdh,Cigsv,biuz@jcmail.com,VhxAtEf
Di4773,Zspjq,Thzyv,jczl@rqmail.com,MnqJcDr
Ts4041,Ugdig,Yfdfz,krxw@zzmail.com,MhfDiXw
Ko4559,Cxpav,Qkgdx,dyhj@zpmail.com,WpoBsXm
Ty4141,Pogup,Ysaep,tcsh@cmmail.com,KxjYdEk
Ys7781,Zuufs,Eervw,prqc@zqmail.com,LnqCbHt
Te7779,Biqvn,Udfmt,hcmt@ifmail.com,YtvIsPf
Eg8138,Ejcgn,Iddew,xlca@ohmail.com,NazBrLm
Bf8031,Mxpnn,Uwarj,bvsb@irmail.com,EngAuCo
Dh3006,Zadyt,Olgiv,zuhw@srmail.com,ZaaHfSz
Br5200,Yijvp,Qrakb,blmc@yamail.com,XcrIiUk
Iv4271,Zvtss,Ncisl,juss@ysmail.com,DlzNmHw
Ky4172,Tocan,Rztpt,zunp@agmail.com,AsbXbJd
Ji8003,Oyfkw,Flisi,pwgo@smmail.com,HphHyPv
Ch3709,Fgzhb,Cqqrk,mfgt@pymail.com,KxeFtVw
Hh3867,Flhau,Rrcik,zubp@memail.com,XyjCiTq
Xr3350,Sfmac,Wfizz,lhpq@femail.com,HlgSxDk
Rt9787,Usetu,Azbmd,bvxr@fmmail.com,XxtDsNp
Vv1301,Itdzc,Jvsyn,wjji@bjmail.com,HylVqZr
Kr9041,Wjsup,Uzxda,hlpm@zbmail.com,PthOwNj
Ic9057,Xgsna,Ujkut,zrvc@hxmail.com,SxsMwNv
Mt7713,Sbcxv,Juixp,atfu@rgmail.com,RekLoYq
Po1027,Thodd,Xxqxn,sabk@ydmail.com,OhqGgDd
Mo9638,Iseru,Bgaqo,idgn@kwmail.com,EdnNvFx
Fw1395,Dswqe,Gfopo,reqt@zsmail.com,IzpDnMw
Lt8225,Ebkdl,Hzlcb,othx@bumail.com,EhqIwOj
Yi5506,Fpxxe,Auwlb,snnx@wtmail.com,VsaKxNm
Cg6336,Ytylv,Nmvjh,opza@awmail.com,MikBbSz
Zh6764,Kbrug,Bnwjd,nvtg@zdmail.com,NqlQwZh
Sr2513,Yjpzz,Qfnmo,jinz@qsmail.com,RiwJdIx
Od9869,Pbdld,Gxdpo,lyny@qimail.com,PglBjOc
Sp1253,Tiayl,Pgxmt,uayf@xumail.com,VfkKeUz
Gk6087,Kedaf,Eizvm,okqq@lpmail.com,UskVtUj
Ge8517,Dhpva,Pxlal,pffe@ktmail.com,WelTbNn
Uv4218,Uzuuh,Zmjka,nosv@evmail.com,XrkUxUb
Ol1203,Ecfkk,Kjcza,javm@cemail.com,KuiLqOz
Va8386,Qzeno,Wrlbg,iyyj@zvmail.com,WamIdHd
Ll2534,Vmayp,Cbabh,bvqw@tqmail.com,FmhWlDw
As1833,Rxqax,Zoliw,qlvm@osmail.com,NcpLrAf
Ar4131,Cghlu,Xhzjj,tzvw@eimail.com,YbgTrAx
Oy6185,Gbznw,Rkgbn,bzec@rhmail.com,XxuHpEv
Wq9458,Vvosz,Kevdh,jmav@ksmail.com,KvrRgGk
Rl1458,Ewmjx,Jwehp,dkqy@ofmail.com,ZoqZgXo
Br7771,Veobp,Ikkgi,tixi@vvmail.com,AdfXtAc
As4058,Oravi,Qjbqt,xuwx@nemail.com,CfjNzTr
Cj7495,Wteed,Vnjwu,fqig@sbmail.com,EeqPpVu
Yx8755,Aeqwi,Rclqh,vehz@hwmail.com,HvrYkBd
Yj3158,Bqxhw,Sfuiz,zcmh@jfmail.com,NnxHbTi
Ly9184,Zaujq,Htlwd,bysj@kumail.com,CraJzNy
Bf5497,Unwpc,Xxwna,mqbw@gpmail.com,AopOuXv
Xp4869,Gxuum,Xview,wrdk@shmail.com,ZrtOfZl
Tg3441,Ryrjf,Xyize,iyrb@gsmail.com,KolTkTc
Xv4026,Vgnqr,Hchlm,efhz@xgmail.com,PccHdUp
Dx9510,Vnemx,Pxebx,wyqz@htmail.com,WyyLzUn
Up7920,Titxg,Pijwg,uddi@usmail.com,IsaAiXo
Wu9119,Pwnkr,Qcszs,gslp@vrmail.com,GoqOvHo
Jh8125,Ljhor,Mlnhl,dazs@cfmail.com,BffJhHr
Xd3289,Wodxa,Ojswf,nwhw@fcmail.com,BxkHsUi
Oe4022,Uzqhm,Qhemd,eagn@pamail.com,UqnBlZn
Xg3572,Fyzvh,Eacfe,qcda@svmail.com,MwgCgLr
Ol4069,Yrrmb,Kquvp,rzna@kumail.com,UlzCzRn
Nz2523,Pedbu,Ovcbt,hrog@dgmail.com,EtiRaWd
Zq3273,Hxilw,Pfevc,czvm@ctmail.com,AsgXsXa
Ke1177,Ikwpl,Pwyfp,xwxy@qpmail.com,FlxBoBp
We9772,Oilse,Wfxqd,sphp@ohmail.com,QbtBmZe
Bf3790,Ywqca,Wfrgt,hvva@pqmail.com,QguAdLu
Su2355,Ejhtt,Dkdvv,abiz@cvmail.com,HvpVkIn
Pu7622,Cafzp,Fngea,fraa@zrmail.com,UyvShFp
Oc8366,Hyycb,Rmqfn,sbfc@kpmail.com,TkxYmZu
Gm1458,Jpafl,Oabju,mqjx@pbmail.com,UevNtKt
Fh9650,Prhmw,Cedyq,zbjp@vrmail.com,DexMzCv
Qs9122,Xhuif,Oqqgg,hnnv@vymail.com,YrzXeGa
Bm7794,Jnret,Rrauv,dtbt@iimail.com,IxcKoMw
Xl7752,Lnajx,Wilye,roho@stmail.com,PorAbHe
Rh6259,Ayeyv,Egdes,bkjz@chmail.com,AluWsFi
Wo3485,Yhkri,Aceuh,tcje@xumail.com,DxaZtVr
Ib6628,Ccena,Elzzx,gmtt@rdmail.com,HhwEqZw
Fb7372,Siupg,Zjtyr,wplr@fbmail.com,QpjThSn
Kv5572,Dxcip,Fiosp,yukg@zjmail.com,JpxFqOa
To1003,Qzjqj,Douzm,nxeu@ybmail.com,UbmYcAy
Kg3101,Ubfzb,Uubhv,vqnj@ermail.com,RhiBhFc
Uj5333,Segfq,Bsikm,jnze@vnmail.com,CtxKvXp
Jm5128,Qwpmf,Lxsyk,xvzq@ubmail.com,GcrScCq
Ys8491,Iklbf,Qqbek,qsjd@lmmail.com,RkaOeXv
Sa5798,Phfph,Tjnbv,iour@unmail.com,KhoXyOa
Gh3257,Nndmj,Fuplb,dyhk@ukmail.com,VnvLkFb
Ym3393,Jmxke,Ebkmy,zlbt@itmail.com,LxrVqYq
Ly5327,Tcsvl,Clvyw,elrr@yumail.com,ZzlOwLs
Nf3493,Hjvyv,Ltgjv,zqdw@oumail.com,FycEuTm
Cy7070,Hhwyf,Evtzo,skyj@lnmail.com,MzcVcPg
Uw2400,Billt,Vxftr,wqom@nwmail.com,CmbFdXt
Sa4373,Injzg,Vudby,illd@kamail.com,IacJtIz
Tr6783,Kolcg,Kizly,qtpt@ddmail.com,UliMzCm
Qn9577,Hquwz,Wcvmk,klwe@cjmail.com,OslTgGd
Fm5178,Eamet,Wmmuz,ovyn@rbmail.com,DdjYnKl
Ot5411,Kkwmc,Hroiz,eizr@lzmail.com,BjsLeJl
Qf2784,Qjdam,Qfaqb,lkdc@zomail.com,TihTtJt
Uc1629,Eviru,Chbyn,mnan@temail.com,UsmUiKy
Ru9301,Dzfsp,Pnyxh,vzbk@fomail.com,NnwQkTf
Ms1276,Vrzqf,Fqojz,weeo@mmmail.com,IzqKrZj
Tj1794,Nxezp,Rwdwp,jakp@bzmail.com,XxuJbAc
Na7726,Tbxvk,Kgbrd,grfw@dzmail.com,EgxSqEi
Ew2766,Gdydt,Vsudz,iyzn@wimail.com,UlxGdSh
Ym2296,Mfcyh,Uqrhl,ojdb@flmail.com,TiyFrAx
Na4582,Abzmt,Qtjia,xlep@xwmail.com,QtvTqRh
Rc2161,Jeqgb,Fpdap,apbv@aymail.com,TjiQqZs
Bp4513,Yuqom,Utfpn,lptq@nlmail.com,DolQsNk
Uv7127,Xrbtd,Pwiej,kwgd@xvmail.com,OrgVgPo
Cm5072,Pgaii,Vtmfe,lvig@kmmail.com,DyxWrAg
Tr9112,Zjmlv,Ktvxo,danw@pgmail.com,CndJyBl
Lr7168,Qzpbi,Uyvhw,jbki@lamail.com,ApsZlQi
Xc8048,Pckpl,Zkaez,qyrc@yzmail.com,ImgXdEc
Br3819,Lfltw,Zpsbv,xzmh@oymail.com,MbxZlYz
If6810,Ecqtl,Ygmhu,mcyp@ptmail.com,HwgKmIe
Jb5651,Wklgf,Lyijp,cmyq@rzmail.com,AwaDrBu
Os5343,Antvo,Kkkie,oqic@ecmail.com,OxzSqOu
Gw5145,Lwhtb,Kthdt,sfvh@oimail.com,GpeZtLh
Fo4683,Bqqem,Ggewd,bylg@xomail.com,HowWbPj
Qz3509,Umowr,Azwmn,jioo@ujmail.com,OdgKyDb
Cc8005,Oryfd,Dzogb,gvww@limail.com,ZfzXiEy
Hk1831,Lfkpe,Dztqg,hpye@utmail.com,XuqTyJu
He1626,Cwmqt,Lxymg,qbay@bbmail.com,FprBbVx
Hg6283,Oamdi,Dbtxt,tmpx@wnmail.com,MuqLoNs
At7892,Ydlwa,Sbnyj,qygu@szmail.com,TjyZfXs
Tf5180,Lzozl,Zcgoz,ptgb@blmail.com,OtwJpYj
Nm6074,Lsuhf,Jnrnc,efdg@hwmail.com,NshQlNu
Pz1860,Khtit,Aybxp,tsrx@jrmail.com,IlzIbUr
Ng4845,Aacnp,Ydcoc,czbg@knmail.com,MtjItZi
Pu5633,Xvotd,Okmbl,rwzh@ebmail.com,DijBmMf
Yp6496,Vuolc,Bllbs,volv@bomail.com,SrcBrLb
Rq8183,Utytq,Ewkak,edoy@ammail.com,ZxbLsZv
Jk1961,Xteqm,Ufcod,cyaq@ccmail.com,GfzNhOi
Kj8359,Kuuoi,Clmcq,advr@kymail.com,GvbUsIj
Au6570,Sshrb,Cmflm,xnat@vomail.com,ByhCkMl
Td7125,Ubeml,Bueyu,vhhk@lsmail.com,WacHwSj
Ij8015,Qbgbi,Ijioz,fuby@oimail.com,ScpUbGp
Fk4312,Fzrnf,Yrakc,wciy@hrmail.com,JztOwVb
Iv9986,Sbbxq,Cvuqj,pfsu@jdmail.com,EjyHiTc
Ba6505,Hpgyg,Rgsqh,rywm@dumail.com,TiyJsIu
Ry9058,Jagvw,Yhzll,fyuj@famail.com,HifDfMy
Cm5904,Knqfe,Bbptl,snap@jmmail.com,LhgLkPw
Cx9269,Baaeq,Kznsh,xqsp@qxmail.com,TneTwTh
Mr5784,Gfwiy,Maiyo,pijr@lsmail.com,ZmsFhNu
Dt2197,Nypkl,Ylzln,usnq@wkmail.com,FjpIvHs
Ui5823,Xwyak,Hcrde,cafh@wvmail.com,KsvAnBk
Tt5870,Zdmfi,Qpkdg,pmsc@wemail.com,ElqSrDy
Mg6999,Vckvb,Zxcnk,ntnq@lxmail.com,NnhWkOf
Bf7709,Jiehb,Wudob,vlwl@oamail.com,XlkKvWo
Ll4790,Cseuo,Apysg,zjdx@kjmail.com,VmvVyPl
Ue4813,Bjqqu,Vfrxw,xewg@bimail.com,TvaSwIx
Qk3036,Iirrs,Xlgca,xkrt@fwmail.com,VkhRmPn
Uq5948,Dwvic,Iyxjr,sotf@gmmail.com,NreIfMq
Fh5352,Ixnah,Ctkhv,wzpx@immail.com,GjbDlDs
Uq2389,Nppyg,Txcsb,dgdo@fnmail.com,TvxCgDy
Qb6041,Xnggy,Cmprh,gvgi@acmail.com,HghVqVw
Rv3813,Flteu,Sudee,cnbw@ijmail.com,OqiGqJw
Sc2601,Dbvrg,Svedq,odvi@wxmail.com,IilCqYn
Ka3692,Lakix,Ydwow,mbik@aamail.com,KlhJjWu
Rc4755,Gasjo,Xzykg,xebx@uqmail.com,ZacYfOm
Yt6155,Tkbkk,Fjypg,xuuz@wdmail.com,EafFkQy
Io5632,Ixgey,Aorgh,byld@cqmail.com,LxvCtAu
Rs7561,Vzemg,Ulddk,enol@kumail.com,GkbMuJy
Xt3323,Kbdge,Iqafg,vbdh@nxmail.com,EvyXyEf
Sc8339,Acqza,Fhzes,jyog@sxmail.com,YyuZgKe
Qs7536,Nekrr,Asciy,awqq@fjmail.com,FyhIaHs
Bj5512,Hodjf,Mkskg,xbqa@qsmail.com,EhkHxRn
Sc6202,Ugebf,Zzgfu,sklk@pdmail.com,BizLsZr
Vy1562,Nxdix,Zuxcj,rnzu@wnmail.com,UniQiTo
Wf3620,Gzrez,Uazot,kfbf@dzmail.com,TraWzGe
Nw1756,Ygqpu,Hrvyh,wrql@sgmail.com,OxnZnFy
Sx3463,Ywaqw,Cuzuf,bqld@pmmail.com,PwoMtAl
Ke6125,Nezgs,Snyte,zhvx@xlmail.com,JtkXcQz
Pi6817,Cqcjj,Lfcqs,piuk@qbmail.com,FnsOjGw
Tu8331,Fplxl,Vjwjq,lugn@vrmail.com,DtgGiYp
Sr6815,Pdcvr,Sbhsx,ntlr@tzmail.com,TwlHkEb
Tk4063,Hznfa,Hbisj,iost@qhmail.com,LtaIbFv
Dl8141,Otzsr,Ilzbp,sytj@aemail.com,LitKyBv
Bv4014,Jmwzd,Vanhe,inrc@hamail.com,TfeOtGk
Co7978,Vwaru,Xsdvm,znte@xwmail.com,YhtEvNj
Za1203,Kltyx,Qowlx,wunu@ydmail.com,TogEpXr
Ni6162,Jwxxk,Lhyvo,lynh@yzmail.com,UxdNfDc
Aa1308,Agyfm,Komml,atgm@ftmail.com,IehNqXn
Hq9301,Xspuz,Kljra,xguc@rmmail.com,QghEhYq
Og6456,Mytev,Rwmli,quze@gpmail.com,HkyRrFk
Dh3870,Eiesx,Zluqw,xore@okmail.com,JfaSyDp
Gq4995,Mktmt,Qekll,ywih@sumail.com,AdqChCj
Uc4372,Tbwez,Nrizs,vljf@jzmail.com,DtwXtFk
Ky8984,Gcqku,Odevm,bzwl@jpmail.com,NntDvAl
Pq9378,Rzjhh,Zjhjq,qetn@exmail.com,LgiSwOe
Ip8681,Hssys,Sfrlh,xjwc@nhmail.com,OhqQqQj
Wa2487,Njqsu,Yfrnt,rdnj@qlmail.com,BzvWkSv
Ct2815,Ttnea,Zyxet,iczp@vimail.com,RwpCyZc
Ta7181,Quwbl,Jcrkn,oxtb@inmail.com,ZqtQsFn
Nj4406,Griwk,Mtyhb,phba@nfmail.com,RevLzOj
Yn8078,Aydsp,Rzwjt,avze@sgmail.com,PueYeJo
Xi6613,Ivijd,Uwzxe,xapm@kvmail.com,FtqJrHh
Se2392,Ykjvl,Vndfe,byta@oumail.com,FdlExRa
Lq3998,Nblde,Nojxk,vxjd@nemail.com,OxxLtIs
Cp5439,Djzva,Izqgy,nqqe@whmail.com,DljVaPv
Ry4168,Hdrni,Gacbt,ybwu@ugmail.com,PqsHhWn
Ol3701,Qdlex,Hgbur,xxyl@iemail.com,AtqJyFc
Ao4234,Trmdi,Yqtkl,lzoe@uvmail.com,MpkJcBp
Le2487,Voyrc,Xtjvl,oskg@wrmail.com,OboZiQr
Lc1762,Devjt,Mqblx,bvjs@ibmail.com,WyiNxMs
An9561,Mxgsc,Onhdx,klvq@jamail.com,RxyZiJj
Kw5412,Gsvxh,Mccft,nqjk@jxmail.com,CmnYlPo
Fe4902,Xiacq,Ohsiv,tyjy@hmmail.com,XkoYlQv
Ml2105,Jxdnh,Mjvws,wjab@fpmail.com,KoaTrJv
Hk8850,Qsoip,Yikpi,upyg@mgmail.com,RsdGbXz
Yb5547,Joifv,Dwxmk,jwtk@mamail.com,VovObCs
Gg6347,Ewksx,Hgeeh,nrwr@xqmail.com,DneHyUo
Tq1509,Fdxgc,Xvhlh,fqfj@kmmail.com,FqiZfWn
Ba1400,Ffhwq,Enzhv,lvkr@ypmail.com,DcmImAj
Qb6692,Ubsen,Vfvjj,acmv@fvmail.com,VpmIfTn
Bc4759,Lrlbg,Hkpbg,dlnh@olmail.com,NqqFtHw
Ok2594,Cpixr,Ragcd,ukaz@uqmail.com,MbtJwYq
Lq9011,Afgny,Elxvl,gugj@nimail.com,CbuQcRe
Uf3117,Cgaiv,Gplvw,awex@ffmail.com,LfgDrAf
Lu2675,Nejig,Hdtca,dufj@vzmail.com,RlfPaDz
Bq5214,Nyafr,Vmond,xcrj@bomail.com,ArkMeWi
Ez4537,Gznpg,Edsfp,ckso@comail.com,DcxFjFe
Jr5721,Lgywr,Jeoze,biea@qomail.com,TykJhSj
Na3611,Nsrfo,Jnjkr,nobk@rhmail.com,ZjmPaOf
Wq9344,Gkmap,Zhtqi,qzll@jcmail.com,YhgHuRp
Jl3734,Orzur,Hlmiw,vjwa@nwmail.com,WjeLzGs
Ln3041,Qehtu,Yckff,ihbq@nhmail.com,ImuGpDf
Wu6044,Szwwh,Akonm,xpdj@nfmail.com,IavZdBu
Sx1240,Sakyg,Nlskw,byfk@itmail.com,JstCaEf
Ez4654,Ehnux,Nzccb,zgjy@klmail.com,YvdBeUc
Eg9064,Mauex,Mzopy,epge@ycmail.com,MwfExFz
Lp6861,Zjanf,Dtjgn,zfnz@ylmail.com,PtjScLw
Cy4299,Mgvjr,Czazy,bkbf@lamail.com,JqbOfPd
Ma7549,Hcufb,Qdnua,miur@fsmail.com,GpjAjYl
Xt9046,Kgxsn,Fijon,dcyj@qpmail.com,FsuTnUr
Ab5812,Mvnse,Liaod,knmt@ozmail.com,RafDbHd
Rs2577,Lyzcv,Ltgqh,wijo@zumail.com,XmiIeCx
Sg9004,Sgwpk,Pmovv,dvix@flmail.com,IkqXePw
Gr5054,Drhnr,Hendu,pxxe@zkmail.com,PdyZxYt
Fi9382,Iediu,Lkvty,nadx@wxmail.com,RirCpIo
Lg1117,Bpbyp,Bpnte,ppfe@czmail.com,KldCmNd
Ue6741,Iobzm,Kiewa,pxii@xumail.com,RkhEzWn
Oi1358,Cfzsy,Irxeq,jkpr@obmail.com,VmtHeBd
Wk7778,Kfhar,Juabt,gzvb@iomail.com,ScvDsUq
Ko7852,Zloge,Rsedy,xgmp@jfmail.com,OjuOcKn
Zl2296,Xhswe,Wjrte,flwm@tlmail.com,JqqByAc
Gr9006,Rkobu,Qnoha,lzls@jvmail.com,UzqYsRe
Ax5906,Jhxzg,Qnsaz,njwj@domail.com,OzeGfSl
Qh4476,Ykklc,Lbipz,chtf@uymail.com,SlyHzYe
Vu6058,Crqxc,Opefj,qtus@komail.com,CpwIvWr
Ey1523,Npghh,Frjgn,chma@ysmail.com,RdkBfJx
Ho4270,Btpsj,Xaztt,koet@udmail.com,DvoAcGb
Td8872,Geufe,Hlaqr,ycax@trmail.com,VlbSwGe
Bn4141,Jrqns,Safpx,colx@chmail.com,ZmwMlVm
Aj4021,Spmxt,Abosp,yzfa@qlmail.com,QrgIzCw
Lp3652,Wcega,Cnapl,wtej@frmail.com,LraXkPe
Kx4779,Ucusc,Ldeic,raci@jsmail.com,QvnUvQn
Dk6017,Ujmam,Gzgxl,hdjr@fimail.com,RkgAvYi
On4287,Idkhk,Oeaig,zbbm@dvmail.com,FcbIwHb
Ov5663,Lprkt,Kychm,icht@fvmail.com,VmlQoZr
Dw5176,Ijjlc,Uzhnw,jfej@dnmail.com,CwiQqZz
Ih3106,Sfziz,Cohry,dbcn@aumail.com,SmtZzBe
Zw5614,Iobyg,Omoko,astv@tsmail.com,EilJuLw
Yg1353,Afvtw,Vpfge,mqky@vamail.com,UzgIkAj
Ff1178,Xyfwv,Owcap,xzlv@dmmail.com,NdrXgKc
Gt4252,Vxsto,Swpcb,qidn@qdmail.com,OoaUsTu
Gc3152,Vnofu,Cttgg,dako@dhmail.com,OcnHxPq
Bn2239,Btopj,Gosyf,wykm@qnmail.com,PrqYaPc
Pa1904,Etjoz,Ybjqb,kajz@vrmail.com,BtgHxGu
Nb7719,Rvgff,Vpphx,ijjt@elmail.com,IgyBcRf
Ua2688,Ddppf,Aafcn,trse@bnmail.com,HmnXpXk
Bp7388,Odvzc,Gpxyt,ujra@nhmail.com,SmdGwXi
Fk8296,Oekux,Ylwpo,qjei@zumail.com,CrrPvRs
Sx9329,Fufpp,Heqmh,nfif@bwmail.com,BmwAjTk
Zx6408,Httjt,Nlwmm,wbzu@qgmail.com,HeePuLi
Fc2692,Kjixq,Vwdsi,mwpj@ovmail.com,YbhBkVq
Rc6174,Hugjx,Bpmpu,fjwe@nqmail.com,RvlIpYu
Gx2775,Vlzsw,Tsevz,hjwi@rvmail.com,DnwVmOe
Ix4943,Ouext,Cizas,zbtm@dlmail.com,IyeWmZe
Gs3652,Uddcu,Psqea,bawe@kbmail.com,FkfNqQo
Hj1403,Vrwgc,Ljzgj,isxe@okmail.com,SbrKiOe
Nk2843,Qbrzy,Prwnd,lsmc@qumail.com,OyrIpUh
Si1005,Mfnug,Pmtrf,osnn@tjmail.com,UovDnUu
Xx5354,Lgbds,Ehybd,ipeo@jgmail.com,JkoUeJa
Ce3003,Keuop,Gcoal,orrz@eymail.com,DquVqRx
Jl9000,Uodnu,Bjfcz,lmwp@ngmail.com,NjzMpIz
Th7441,Titjw,Jzzck,srnf@iemail.com,KsnKjId
Ll5128,Ayjju,Hvjov,mjqh@ermail.com,OkyNhGk
Cw1495,Heccw,Ncpfl,iddz@vimail.com,VxbDlCu
Xb6902,Fnuxp,Mxwkb,lidu@qamail.com,BhfYrVq
Cy2973,Pguhh,Ndyug,xefb@lzmail.com,ZcpBgPu
Dw3932,Tujth,Momsv,jrxr@somail.com,UsqQmVy
Tc7565,Uebsq,Evuhm,gnym@fsmail.com,BfwDaUp
By9579,Izecd,Oqzyh,yyfb@mzmail.com,XsgWkHo
Hg1221,Ckszm,Ockig,awsr@btmail.com,XxtFvWi
Yp5753,Pmzdk,Nrlca,emql@ojmail.com,HouWhOd
Bn9494,Wpifl,Pjtgn,zrge@znmail.com,LplDrTv
Mw1881,Mwoku,Gpmhb,rnef@ormail.com,LpeXfUy
Sc1669,Xqkyo,Jlzcd,wjnc@ojmail.com,VfbFhIq
Rs5267,Ditto,Lrnuw,qnjh@dcmail.com,BbrJdTm
Gb3107,Zqzxp,Kfwva,jmow@jjmail.com,UhtXdSy
Ws3623,Mjpfl,Gxgco,sdcf@tomail.com,VtkLnUg
Tq2599,Svdxx,Arwlx,gwix@fumail.com,OjaEgNm
Ok7415,Ictdz,Mktyu,zjpm@ddmail.com,EglUbJr
Nr2547,Dlhyp,Rmckl,bglp@mbmail.com,ZicVnAy
Ju4770,Qpsjt,Snxeo,uzkd@wcmail.com,GlqJiNf
Bq9891,Amnbv,Gwilt,lgdc@smmail.com,CllOxUc
Ul6808,Bdxpb,Hnzyz,kzrk@ftmail.com,XprMxEs
Xf5171,Fqesw,Dateb,qjwp@djmail.com,DbjTkYr
Nv9831,Rxakh,Vvbtt,jnid@ubmail.com,YeaNtUo